sequence,MIC,type
AAAAAAAIKMLMDLVNERIMALNKKAKK,20.00000001547424,1
AAGMGFFGAR,25.400000022228163,1
AAHCIALRKGYK,30.000000019365025,1
AAHCIQLGKR,30.000000019365025,1
AAHCIVLHHN,30.000000019365025,1
AAHCLAIGRK,7.49999999323558,1
AAHCLAIGRR,14.061618033076693,1
AAHCLAKRKK,30.000000019365025,1
AAHCLAMRRK,30.000000019365025,1
AAHCLIGRK,14.999999998076841,1
AAHCLLKRKR,14.999999998076841,1
AAKCLVQRRR,14.999999998076841,1
AAKHAAHRA,536.4568572204114,1
AANCITLGKA,30.000000019365025,1
AANCLSLGKA,30.000000019365025,1
AARCLSQRRK,30.000000019365025,1
AAYLLAKINLKALAALAKKIL,10.855865583397172,1
ACADLRGKTFCRLFKSYCDKKGIRGRLMRDKCSYSCGCR,4.999999996131441,1
ACDTATCVTHRLAGLLSRSGGVVKNNFVPTNVGSKAF,131.84588326531644,1
AFGMALKLLKKVL,4.700000000695675,1
AFGVLAKVAAHVVPAIAEHF,64.00000000237446,1
AGWGSIFKHIFKAGKFIHGAIQAHND,5.611622876358785,1
AGYLLGKINLKPLAALAKKIL,57.95079203444273,1
AGYLLPKINLKPLAKLPKKIL,54.88930565139989,1
AHCLAIGRK,51.64340680301119,1
AHCLAIGRR,35.13381768412015,1
AIGSILGALAKGLPTLISWIKNR,6.392857143859645,1
AIGSILGALAKGLPTLKSWIKNR,49.9999999613144,1
AIGSILGALAKGLPTLRSWIKNR,25.000000018879035,1
AIGSILGRLAKGLPTLISWIKNR,3.130000003268787,1
AIGSILGRLAKGLPTLKSWIKNR,100.0,1
AIHDILKYGKPS,10.0,1
AILTTLANWARKFL,37.50000002351066,1
AINPKSVQSLL,200.0000001547424,1
AIRCLAKRRK,7.49999999323558,1
AIRCLAQRRK,7.49999999323558,1
AKKFGKAFVKIL,142.25326505302877,1
AKKKGKCKGPLKLVAKC,100.0,1
AKKVFKRLEKLFSKIFNFK,3.130000003268787,1
AKKVFKRLEKLFSKIYNYK,3.130000003268787,1
AKKVFKRLPKLFSKIWNWK,0.3899999999762035,1
AKLWLKAAKLWLKA,16.0000000126762,1
AKRHHGYKRKFH,81.79971131962706,1
AKRLKKLAKKIWKWK,2.7499999988765333,1
AKRLKKLAKKIWKWL,16.0000000126762,1
AKRLKKLFKKIWNWK,2.000000001547424,1
ALFKTMLKKLGTMAL,34.500000016397806,1
ALHKTMLKKLGTMAL,45.00000002327806,1
ALLKLAPRLLAGIF,12.499999999768118,1
ALLKRIKTLL,17.971521798554654,1
ALLLAIRKR,37.974255752994665,1
ALLLAIRRR,15.720964356318788,1
ALPLIGRVLSGIL,39.99999996979354,1
ALRLAIRKR,43.780708656799746,1
ALRLAIRRR,22.234343421203643,1
ALRSAVRTVARVGRAVLPHVAI,6.299999993420215,1
ALWHHLLHHLLHSAHHLG,14.999999998076841,1
ALWKDILKNVGKAAGKAVLNTVTDMVNQ,2.5750000012227594,1
ALWKEVLKNAGKAALNEINNLV,31.99999997642847,1
ALWKEVLKNAGKAALNEINNLVQ,272.0000000024613,1
ALWKKLLKKLLKSAKKLG,1.8749999997248226,1
ALWKNMLKGI,149.99999998076842,1
ALWKNMLKGIGK,149.99999998076842,1
ALWKNMLKGIGKLAG,149.99999998076842,1
ALWKNMLKGIGKLAGK,59.99999994699768,1
ALWKNMLKGIGKLAGKAALG,8.000000000148404,1
ALWKNMLKGIGKLAGKAALGAVKKLVGAES,1.0,1
ALWKTLLKKV,49.9999999613144,1
ALWKTMLKKLGT,54.00000002201201,1
ALWKTMLKKLGTM,50.600000018665135,1
ALWKTMLKKLGTMA,28.300000030998746,1
ALWKTMLKKLGTMALHAGK,10.700000007755696,1
ALWKTMLKKLGTMALHAGKAALGAAADTI,1.4999999998076836,1
ALWLAIRKR,35.511442417410954,1
ALWLAIRRR,14.726125693525987,1
ALWRRLLRRLLRSARRLG,3.750000002351064,1
ALYKTMLKKLGTMAL,45.00000002327806,1
ALYLAIRKR,27.189655437491858,1
ALYLAIRRR,11.269480957165424,1
AMWKDVLKKIGTVALHAGKAALGAVADTISQ,12.499999999768118,1
ANFLPKIFCKITRKC,56.109679111275206,1
ARAR,100.0,1
ARRARKWARRALKLA,15.625000006963697,1
ARWWWKIKS,19.83358670026406,1
ATHCLFLKKR,14.999999998076841,1
AVAGEKLWLLPHLLKMLLTPTP,163.79923797155934,1
AVDLAKIANKVLSSLF,149.99999998076842,1
AVVDILKGAAKDIAGHLASKVMNKL,100.0,1
AWLLAIRKR,22.194651544402923,1
AWLLAIRRR,9.52866955929403,1
CLAIGRR,65.9920251188228,1
CNGKRVCVC,101.91416204801031,1
CNGKRVCVCR,57.14770019686632,1
CWFWKWWRRRRR,4.700000000695675,1
DAACAAHCLFR,84.93604100192867,1
DAACAAHCLWR,164.42059898166417,1
DAACAAKCLWR,165.64167594564265,1
DIFGAIWPLALGALKNLIK,8.000000000148404,1
DIGKYCGYAHALN,100.0,1
DRDR,100.0,1
EPFKISIHL,27.693671096109796,1
EPFKLSLHL,27.693671096109796,1
EPILGIITSLLKSL,66.80786283255313,1
EQHSSGKSDV,100.0,1
ERER,100.0,1
F,3026.8340927529443,1
FAKGIAGMAGKLF,200.0000001547424,1
FAKKLAKLAKKLAKLAL,4.31173777806444,1
FAKLLAKALKKLL,2.745555631653521,1
FAKWAFKWAKK,70.88651245065223,1
FAKWAFKWLKK,4.336497626265056,1
FALKALKKLKKALKKAL,4.183017909432881,1
FAPLIGRVLSGIL,20.00000001547424,1
FASGIAGMAGKLF,200.0000001547424,1
FAVTWATKWWKG,100.0,1
FCTMIPIPRCY,22.326756093700975,1
FDIMGLIKKVAGAL,30.000000019365025,1
FDLLGLVKKVASAL,49.9999999613144,1
FDLLGLVKSVVSAL,25.000000018879035,1
FDVMGIIKKIAGAL,30.000000019365025,1
FF,1600.7022595842589,1
FFF,1088.0523793381594,1
FFFDTLKNLAGKVIGALT,61.999999928869144,1
FFFF,412.0581401625638,1
FFFFF,27.855733318330667,1
FFFFFF,12.207869834414915,1
FFFFFFF,2.8619621313263823,1
FFFLSRIF,56.24999998537697,1
FFGHLFRGIINVGKHIHGLLSG,4.999999996131441,1
FFGKVLKLIRKIF,3.1000000011829636,1
FFGSIIGALAKGLPSLISLIKK,12.499999999768118,1
FFGSLLKLLPKLL,0.7800000005559022,1
FFGSMIGALAKGLPSLISLIKK,12.499999999768118,1
FFGSTIGALANFLPSLISKIRN,27.041245374434453,1
FFGSVLKLIPKIL,3.1199999998675056,1
FFHHAFRGIVHVGKTIHRLVTG,49.9999999613144,1
FFHHFARGIVHVGKTIHRLVTG,49.9999999613144,1
FFHHIFRGAVHVGKTIHRLVTG,17.999999995718323,1
FFHHIFRGIVHIGKTIHRLVTG,10.0,1
FFHHIFRGIVHVGKKIHRLVKG,1.964285715354578,1
FFHHIFRGIVHVGKKIHRLVTG,1.964285715354578,1
FFHHIFRGIVHVGKTAHRLVTG,17.999999995718323,1
FFHHIFRGIVHVGKTIHKLVTGT,7.071067809129991,1
FFHHIFRGIVHVGKTIHRLVTG,4.214285714893577,1
FFHHIFRGIVHVGKTVHRLVTG,17.999999995718323,1
FFHHIFRGVVHVGKTIHRLVTG,17.999999995718323,1
FFHHVFRGIVHVGKTIHRLVTG,17.999999995718323,1
FFIFFF,12.686814795482459,1
FFLLSLIPSAISAIKKI,4.999999996131441,1
FFPFLLGALGSLLPKIF,12.499999999768118,1
FFPIVGKLLFGLL,5.123490461394192,1
FFPIVGKLLFGLSGLL,0.726266201968253,1
FFPIVGKLLS,13.388281216619315,1
FFPIVGKLLSGLF,149.99999998076842,1
FFPIVGKLLSGLL,5.342834368903365,1
FFPIVGKLLSGLSGLL,1.505085230471885,1
FFPLLFGALSSHLPKLF,2.5848819670258734,1
FFPLLFGALSSMMPKLF,1.2844097214551484,1
FFPLVLGALGSILPKIF,10.915399214231027,1
FFPLVLGALGSILPKVFGK,9.400000008664243,1
FFPMLADLVSKIF,149.99999998076842,1
FFPVIGRILNGIL,11.999999998684073,1
FFRLLFHGVHHGGGYLNAA,30.28323006872286,1
FFRLLFHGVHHVGKIKPRA,28.322329889327538,1
FFSLIPSLVGGLISAFK,55.10000000934769,1
FFSLLPSLIGGLVSAIK,22.699679738674593,1
FFSMIPHIATGIASLVKNL,15.537956347418508,1
FFSMIPKIAGGIASLVKNL,3.9871349114592847,1
FFSMIPKIATGIASLVKNL,3.9014762183935323,1
FFWHHIGHALDAAKRVHGMLSG,25.000000018879035,1
FGVLAKVAAHVVPAIAEHF,64.00000000237446,1
FHEAIAPVVHAAVKALVGFLG,46.58677562549799,1
FHFHLHF,32.51661754960046,1
FHFHLHFASASAFIKHFIHRF,24.057210429177992,1
FHFHLHFGGGFIKHFIHRF,52.48265414510952,1
FHFHLHFPSGSPFIKHFIHRF,189.67977377443165,1
FHFHLHFPSPSPFIKHFIHRF,186.8400621162824,1
FHFHLHFPYPFIKHFIHRF,194.70488375339463,1
FHFHLHFSATFIKHFIHRF,50.6104736762577,1
FIGAIARLLSKIF,4.901485620416307,1
FIGALLGPLLNLLK,12.499999999768118,1
FIGALLRPALKLLA,9.492210719429467,1
FIGALLRPALKLLAGK,16.0000000126762,1
FIGPIISALASLFG,59.99999994699768,1
FIHHIIGALGHLF,16.600000006256177,1
FIHHIVHAIGRLF,2.006594067871302,1
FIITGLVRGLTKLF,7.921669021288502,1
FIKELLPHLSGIIDSVANAIK,54.9999999374079,1
FIKHFIHRF,401.77149124870215,1
FIKHFIHRFGGGFKKFWKWFRRF,5.205544674649257,1
FIKHFIHRFGGGIKQLLHFFQRF,21.74372651407792,1
FIKHFIHRFGGGRWRWRWF,12.355198038620513,1
FIKHFIHRFSATLQLLKQLLKLLKQF,19.45871095557483,1
FIKHFIHRFSATRWRRLLKKLHHLLH,4.716890603647941,1
FIKHFIHRFSATRWRWRWF,46.674738559255715,1
FIKHFIHRFSGGRWRRLLKKLHHLLH,9.598120986241089,1
FIKHFIHRFSGGRWRWRWF,12.213605270648479,1
FIKRIARLLRKIF,2.4908452487741304,1
FILGKLWKGVKSIF,5.3483094125846,1
FILPLIASFLSKFL,11.999999998684073,1
FIPLVSGLFSRLL,3.552005431819154,1
FIRSLFFF,100.0,1
FISGLIGGLMKAL,25.000000018879035,1
FITGLIGGLMKAL,100.0,1
FKKALHLFKPIKKFLKWK,1.5599999987267623,1
FKKFWKWFRRFGGGFIKHFIHRF,10.411089357353701,1
FKKLKKLFKKILKLK,16.0000000126762,1
FKLFKKIPKFLHLAKKF,3.125000002301909,1
FKRIVQRIKDFLR,16.0000000126762,1
FKRLKKLAKKIWNWK,3.9999999969793545,1
FKRLKKLFKKIWNWK,1.6666666676982826,1
FKRLKKLISWIKRKRQQ,1.500000000773712,1
FKVTWKTKWWKG,6.199999992886914,1
FLALIGRVLSGIL,2.500000001887903,1
FLFKLIPKAIKGLVKAIRK,1.8316620187441717,1
FLFKLIPKVIKGLVKAIRK,1.8084310038632256,1
FLFSLIPHAIGGLISAFK,20.00000001547424,1
FLFSLIPKAIGGLISAFK,3.0000000019365034,1
FLFSLIPSAIAGLVSAIRN,12.021394022292348,1
FLFSLIPSAISGLISAF,47.99999995848855,1
FLFSLIPSAISGLISAFK,8.371326505945337,1
FLFSLIPSVIAGLVSAIRN,11.965474605369481,1
FLGALAKIISGIF,3.9999999969793545,1
FLGALLGPLMNLLQ,160.000000126762,1
FLGALWEVAKSVF,6.249999995048359,1
FLGALWKVAKSVF,1.5599999987267623,1
FLGALWNVAKKVF,1.5599999987267623,1
FLGALWNVAKSVF,7.706666666622502,1
FLGALWNVWKSVF,1.5599999987267623,1
FLGELWNVAKSVF,49.9999999613144,1
FLGELWNVWKSVF,12.499999999768118,1
FLGGILNTITGLL,30.000000019365025,1
FLGGLIKPWWPWRR,17.244535195257445,1
FLGGLIKWKWPWWPWRR,3.3769170357495084,1
FLGGLIKWPWWPWRR,3.908169130094447,1
FLGGLIKWWPWRR,4.553794864613143,1
FLGLIGSLL,137.3159241203772,1
FLGLLFHGVHHVGKWIHGLIHGHH,2.9099540549735283,1
FLGLLGGLL,283.7725344453155,1
FLGLLGSLL,33.99999999669192,1
FLGSIVGALASALPSLISKIRN,25.000000018879035,1
FLGVVFKLASKVFPAVFGKV,1.85731329711363,1
FLGWLFKWAKK,8.779668252166232,1
FLGWLFKWASK,18.08123392976174,1
FLGWLFKWAWK,4.251638704806519,1
FLIIRRPIVLGLL,6.566155462244032,1
FLKALWNVAKSVF,3.1199999998675056,1
FLKGCWTKWYSLKPKCPF,2.7992900083443084,1
FLKGIKGMLGKLF,5.999999994699767,1
FLKGIKGMLGKLL,11.999999998684073,1
FLKGIVGKLGKLF,5.999999994699767,1
FLKGIVGMLGKLF,3.0000000019365034,1
FLKGIVGMLGKLL,3.0000000019365034,1
FLKGIVGMLGKLW,3.0000000019365034,1
FLKKAKKFGKAF,362.41042251178914,1
FLKLLKKLL,6.999999999770207,1
FLKPLFNAALKLLP,22.208421885955424,1
FLKWLFKWAKK,4.214427391788757,1
FLKWLFKWLKK,8.133018702598292,1
FLPAALAGIGGILGKLF,6.249999995048359,1
FLPAIAGILSQLF,200.0000001547424,1
FLPAIGRVLSGIL,39.99999996979354,1
FLPFIAGMAAKFLPKIFCAISKK,6.146258051390092,1
FLPFLAGLFGKIF,149.99999998076842,1
FLPFLASLLSKVL,80.00000000148404,1
FLPFLATLLSKVL,100.0,1
FLPFLIPALTSLISSL,49.9999999613144,1
FLPFVGKLLSGLL,12.499999999768118,1
FLPFVGNLLKGLL,8.999999990895756,1
FLPGLIAGIAKML,9.302540190191175,1
FLPGLLAGLL,35.29999997026766,1
FLPIAGKLLSGLSGLL,0.7817551123001183,1
FLPIALKALGSIFPKIL,6.788587888954471,1
FLPIIAKLLGGLL,3.655611290564205,1
FLPIIAKVLSGLL,14.999999998076841,1
FLPIIGQLLSGLL,80.00000000148404,1
FLPIITNLLGKLL,5.999999994699767,1
FLPILGKLLSGFL,10.0,1
FLPILGKLLSGIL,14.999999998076841,1
FLPILGKLLSGLL,10.0,1
FLPILGNLLSGLL,49.9999999613144,1
FLPILINLIHKGLL,124.99999999768119,1
FLPIPRPILLGLL,5.130397960696737,1
FLPIVAKLLSGLL,2.9999999992633892,1
FLPIVAKLLSGLLGRKKRRQRRR,1.500000000773712,1
FLPIVGKLLSGLF,149.99999998076842,1
FLPIVGKLLSGLL,75.99999997333218,1
FLPIVGKLLSGLSGLS,1.5615835449262103,1
FLPIVGRLISGLL,14.999999998076841,1
FLPIVTNLLSGLL,58.00000005836972,1
FLPLAGRVLSGAL,122.36666657470602,1
FLPLAGRVLSGIL,39.99999996979354,1
FLPLAMALGKLL,39.99999996979354,1
FLPLFASLIGKLL,140.00000010372378,1
FLPLIGKILGTIL,4.999999996131441,1
FLPLIGKVLSGIL,4.666666664840406,1
FLPLIGRALSGIL,20.00000001547424,1
FLPLIGRVASGIL,39.99999996979354,1
FLPLIGRVLAGIL,2.500000001887903,1
FLPLIGRVLSGAL,39.99999996979354,1
FLPLIGRVLSGIL,1.8571067814135105,1
FLPLIGRVLSGILGWKRKRFG,10.0,1
FLPLKKLRFGLL,3.130000003268787,1
FLPLLAGLAAKWF,18.79999998858567,1
FLPLLAGLAANFLPKIFCKITRK,12.134945416845081,1
FLPLLAGLAANFLPKIFCKITRKC,2.333526063779475,1
FLPLLASLFSGLF,12.999999990815267,1
FLPLLASLFSRLF,2.000000001547424,1
FLPLLASLFSRLL,2.000000001547424,1
FLPLLFGAISHLL,30.74745821591835,1
FLPLLFGALSTLLPKIF,25.000000018879035,1
FLPLLGRVLSGLL,3.5999999999866588,1
FLPLLVGAISSILPKIF,12.499999999768118,1
FLPLVGKILSGLI,69.99999999770209,1
FLPLVLGALSGILPKIL,2.658366368725998,1
FLPLVTGLLSGLL,64.00000000237446,1
FLPLVTMLLGKLF,7.499999998065721,1
FLPVIAGLLSKLF,8.000000000148404,1
FLPVIAGVLSKLF,10.0,1
FLPVILPVIGKLLNGIL,25.000000018879035,1
FLPVILPVIGKLLSGIL,25.000000018879035,1
FLPVLAGVLSRA,33.88304893448293,1
FLPVLGKVIKLVGGLL,3.1000000011829636,1
FLPWFSKFLGRIL,3.0000000019365034,1
FLQHIIGALGHLF,16.700000013598157,1
FLQHIIGALSHFF,12.700000001287947,1
FLQHIIGALTHIF,32.350000010749184,1
FLSAITSLLGKLL,5.999999994699767,1
FLSGIVGMLGKLF,4.799999997594461,1
FLSHIAGFLSNLF,10.0,1
FLSIIAKVLGSLF,7.499999998065721,1
FLSLIPAAISAVSALANHF,32.9512973350355,1
FLSLIPHAIKAVGVHAKHF,61.3763070748109,1
FLSLIPHAINAVGVHAKHF,247.17276850415797,1
FLSLIPHAINAVSAIAKHF,4.799999998314397,1
FLSLIPHAINAVSAIAKHFG,5.999999994699767,1
FLSLIPHAINAVSAIAKHN,7.8999999947167465,1
FLSLIPHAINAVSALANHG,8.19999999275497,1
FLSLIPHAINAVSTLVHHF,7.59999999508625,1
FLSLIPHIVSGVASIAKHF,5.999999995264976,1
FLSLIPHIVSGVASLAIHF,200.0000001547424,1
FLSLIPHIVSGVASLAKHF,6.249999995048359,1
FLSLIPKAIKAVGVKAKKF,31.089175750849936,1
FLSLIPKIAGGIAALAKHL,4.137824950360906,1
FLSLIPKIATGIAALAKHL,2.000000001547424,1
FLSMIPHIAGGIASLVKNL,16.150163411781598,1
FLSMIPHIVSGVAALAKHL,6.249999995048359,1
FLSMIPKIAGGIASLVKNL,4.055896126762933,1
FLSSIGKILGNLL,28.333333323388185,1
FLSTIWNGIKGLL,14.999999998076841,1
FLSTIWNGIKSLF,8.000000000148404,1
FLSTLLKVAFKVVPTLFCPITKKC,0.4337526279102519,1
FLSTLWNAAKSIF,12.07106781460096,1
FLTGLIGGLMKALGK,149.99999998076842,1
FLWGLIPGAISAVTSLIKK,4.343612407075089,1
FLWWLFKWAWK,3.91075968943507,1
FLYIVAKLLSGLL,1.500000000773712,1
FPISTLLKWWKG,84.70131600113035,1
FPLTCPTKWWKG,170.7949513807433,1
FPLTWPTKWWKG,161.62290072701143,1
FPVTFRFFKFFKG,50.36002024214902,1
FPVTWGWWKWWKG,70.86023593192223,1
FPVTWKWWKWWKG,20.00000001547424,1
FPVTWPTKWLKG,171.26436119350092,1
FPVTWPTKWRKG,166.36059654010157,1
FPVTWPTKWWEG,163.00177813073628,1
FPVTWPTKWWKG,163.10192206943532,1
FPVTWPTKWWKS,159.96827254507875,1
FPVTWRTKWWKG,3.1000000011829636,1
FPVTWRWWKWWKG,12.293756728647779,1
FPVTWRWWTWWKG,17.428226601911447,1
FQNRRMKWKK,255.99999981617657,1
FRCRRRFCRF,31.99999997642847,1
FRFKFRFK,212.68875594846986,1
FRFKRFRKKGKKLFKKVSPPILLLHL,3.1999999976428453,1
FRFR,100.0,1
FRFRCRRRFCRFRF,2.000000001547424,1
FRIRVRV,128.00000010378406,1
FRIRVRVFKRIVQRIKDFLR,3.9999999969793545,1
FRIRVRVKWKLFKKI,3.9999999969793545,1
FRRFFKWFRRFFKFF,31.49999997820467,1
FRRFFKWFRRPFKFF,2.783333332510923,1
FRRFFKWPRRFFKFF,9.066666659935214,1
FRRFFKWPRRPFKFF,6.40666666299127,1
FRRFRKWFRRFLKLF,15.625000006963697,1
FRRPFKWPRRFFKFF,6.283333330802719,1
FRVTWRTKWWKG,3.0000000019365034,1
FSEAIKKIIDFLG,172.8858525872799,1
FSFLSRIF,100.0,1
FSGGNCRGFRRRCFCTK,20.046927834801988,1
FSIARLLKWWKG,13.955171337576026,1
FSVTWRWWKWWKG,7.015149052208301,1
FVDLKKIANIINSIF,14.399999996841785,1
FVPWFSKFLGRIL,2.2500000008720935,1
FVPWFSKFLPRIL,24.000000015937236,1
FVQWFSKFLGKIL,8.999999996691919,1
FVQWFSKFLGRIL,3.0000000019365034,1
FVQWFSKFLLRIL,47.99999995848855,1
FVQWFSRFLGRIL,5.999999994699767,1
FVRWFSKFLGRIL,5.999999994699767,1
FVRWFSRFLGRIL,5.999999994699767,1
FWGALAKGALKLIPSLVSSFTKKD,5.5999999999200485,1
FWGKLWEGVKNAI,31.99999997642847,1
GAGALAKFLAKKVAKTVAKQAAKQGAKYVVNKQME,20.00000001547424,1
GAHDILKYGKPS,30.000000019365025,1
GALKRIKTLL,38.65484382905288,1
GAVDILKGAAKDIAGHLASKVMNKL,100.0,1
GCKKYRRFRWKFKGKFWFW,20.08654161602296,1
GCKKYRRFRWKFKGKFWFWGG,154.0713295439135,1
GCLEFWWKCNPNDDKCCRPKLKCSKLFKLCNFSF,2.000000001547424,1
GCRRFKKFKKWRYRGRFWFWCFG,16.948732763958745,1
GCRRWKKFRWRYRGKFWFWCG,18.324869186744056,1
GEFKKIVQKIKDFLKNLV,119.9999999868408,1
GEFKRIVQRIKDFLRNLV,59.99999994699768,1
GEFRRIVQRIRDFLRNLV,30.000000019365025,1
GEILCNLCTGLINTLENLLTTKRKRQQ,3.3000000009278754,1
GFARIVQRIKDFLRNLV,7.49999999323558,1
GFFGKMKEYFKKFGASFKRRFANLKKRL,0.6999999999770207,1
GFFGKRKEYFKKFGASFKRRFANLKKRL,5.999999994699767,1
GFGKAFHSVSNFAKKHKTA,100.0,1
GFGKALKLLKKVL,10.0,1
GFGMALKLLKKVL,3.699999999429232,1
GFGSLLGKALRLGANVL,9.200741505162032,1
GFGSVLGKALKFGANLL,12.499999999768118,1
GFGTILKALAKIAGKVVKKLATKPGATYMLKENLK,0.3130000003268787,1
GFGVLAKVAAHVVPAIAEHF,64.00000000237446,1
GFKAIVQRIKDFLRNLV,7.49999999323558,1
GFKDLLKGAAKALKKTVLF,100.0,1
GFKDLLKGAAKALVKAVLF,3.0000000019365034,1
GFKDLLKGAKKALVKTVLF,49.9999999613144,1
GFKEVLKADLGSLVKGIAAHVAN,213.99999982793514,1
GFKEVLKAGLGSLVKGIPAHVAN,434.00000048715873,1
GFKKLLKGAAKALVKTVLF,3.0000000019365034,1
GFKRIVQAIKDFLRNLV,14.999999998076841,1
GFKRIVQRIADFLRNLV,7.49999999323558,1
GFKRIVQRIKDFLANLV,7.49999999323558,1
GFKRIVQRIKDFLRNLV,5.299999997209271,1
GFLDIVKGVGKVALGAVSKLF,3.7761500134975945,1
GFLDVIKHVGKAALGVVTHLINQ,6.584749363752001,1
GFLDVVKHIGKAALGAVTHLINQ,13.323318652625703,1
GFLGSLLKTGLKVGSNLL,20.83333333414814,1
GFLSILKKVL,10.900000001490236,1
GFLSILKKVLAKVMAHMK,4.700000000695675,1
GFLSILKKVLGKVMAHMK,4.300000004162563,1
GFLSILKKVLKKVMAHMK,13.799999987250436,1
GFLSILKKVLPKVMAHMK,6.800000004599627,1
GFMKYIGPLIPHAVKAIKKLI,3.130000003268787,1
GFMKYIGPLIPHKVKAISDLI,200.0000001547424,1
GFRDVLKGAAKAFVKTVAGHIAN,65.99999998821423,1
GFVALLKKLPLILKHLH,1.6000000012676199,1
GFVALLKKLPLILKHLP,3.1100000005252344,1
GFVDFLKKVAGTIANVVT,53.2140515505825,1
GFWGKLFKLGLHGIGLLHLHL,1.6971786858190028,1
GFWGKLWEGVKNAI,8.811862179816679,1
GFWGKLWEGVKSAI,8.367528616419042,1
GFWGSLWEGVKSVV,96.20980934719607,1
GGARSLGRKALRAWKKYGPAIVPIIRI,3.8999999997620356,1
GGARSLGRKALRAWKKYGPIIVPIIRI,3.8000000033528436,1
GGLRSLGRKALRAWKKYGPIIVPIIRI,3.1999999976428453,1
GGLRSLGRKILRAWKKYG,2.9999999992633892,1
GGLRSLGRKILRAWKKYGPAIVPIIRI,3.8000000033528436,1
GGLRSLGRKILRAWKKYGPIIVPIIRI,2.3333333350104506,1
GGLRSLGRKILRAWKKYGPQATPATRQ,19.999999988288437,1
GIADILKYGKPS,20.00000001547424,1
GIGALSAKGALKGLAKGLAEHFAN,14.000000010372377,1
GIGAVLKVLALISWIKRKR,5.5999999999200485,1
GIGAVLKVLTTGLPALISWIKRKRQQ,0.20000000015474234,1
GIGAVVKVLTTGVPAVISWIKRKRQQ,3.0000000019365034,1
GIGDILKNLAKAAGKAALHAVGESL,19.000000002063693,1
GIGGALLNVGKVALKGLAKGLAEHFAN,3.0545200485588575,1
GIGGALLSAGKAALKGLAKVLV,4.682526921858861,1
GIGGALLSAGKSALKGLAKGLAEHF,15.844466988274945,1
GIGGALLSAGKSALKGLAKGLAEHFAN,6.299999993420215,1
GIGGALLSAGKSALKGLAKGLAEHL,8.059190118153825,1
GIGGALLSVGKLALKGLANVLADKFAN,1.8000165533926975,1
GIGGALLSVGKSALKGLTKGLAEHF,30.929928068710744,1
GIGGKILGGLKTALKGAAKELASTYLH,3.523055225508185,1
GIGGKILGGLRTALKGAAKELAATYLH,1.753631427372196,1
GIGGVLLGAGKATLKGLAKVLAEKYAN,7.194511382035522,1
GIGGVLLSAGKAALKGLAKVLAEKYAN,1.2666271471426347,1
GIGGVLLSAGKAALKGLTKVLAEKYAN,7.1127815874564035,1
GIGHFLHKVKSFGKSWIGEIMNS,75.9999999508625,1
GIGKFIHAAKKFGKLFIGEIMNS,9.599999999125346,1
GIGKFIHSAKKFGKLFVGEIMNS,38.000000033528416,1
GIGKFIHSAKRFGRAWVGEIMNS,74.99999993235582,1
GIGKFLHAAKKFAKAFVAEIMNS,7.311560416558526,1
GIGKFLHAALLFAKAFVAEIMNS,1.2250290089248594,1
GIGKFLHKVGSFIKSWKGEIMNS,72.99999997975273,1
GIGKFLHKVKSFGKSWIGEIMNS,75.9999999508625,1
GIGKFLHSAKKFAKAFVAEIMNS,7.014167491612868,1
GIGKFLHSAKKFGKAFVGEIMNS,225.00000017176637,1
GIGKFLHSAKKFGKAWVGEIMNS,80.00000000148404,1
GIGKFLHSAKKPGKAFVGEIMNS,105.9234986338265,1
GIGKFLHSAKKWGKAFVGEIMNS,37.37795678146646,1
GIGKFLHTLKTFGKKWVGEIMNS,12.999999990815267,1
GIGKFLKKAKKF,375.1685052816891,1
GIGKFLKKAKKFGKAFVKMKK,1.0,1
GIGRKFLGGVKTTFRCGVKDFASKHLY,100.0,1
GIGRKFLGGVKTTFRGGVKDFASKHLY,74.99999993235582,1
GIGSAILSAGKSIIKGLAKGLAEHF,26.24174179823565,1
GIGSALAKAAKLVAGIV,12.499999999768118,1
GIGSILGVIAKGLPTLISWIKNR,4.999999996131441,1
GIGSLLAKAAKLGANLL,12.499999999768118,1
GIGTKFLGGVKTALKGALKELAFTYVN,6.720781357026056,1
GIGTKFLGGVKTALKGALKELASTYVN,1.7170848443984619,1
GIGTKILGGVKAALKGALKELASTYVN,3.516443922373694,1
GIGTKILGGVKTALKGALKELASTYAN,7.28937082118912,1
GIGTKILGGVKTALKGALKELASTYVN,7.479844904180389,1
GIHAILKYGKPS,4.999999996131441,1
GIHDALKYGKPS,20.00000001547424,1
GIHDIAKYGKPS,4.999999996131441,1
GIHDILAYGKPS,10.0,1
GIHDILKAGKPS,10.0,1
GIHDILKYAKPS,10.0,1
GIHDILKYGAPS,20.00000001547424,1
GIHDILKYGKAS,10.0,1
GIHDILKYGKKS,30.000000019365025,1
GIHDILKYGKPA,49.9999999613144,1
GIHDILKYGKPS,10.0,1
GIHDILKYGKRS,10.0,1
GIHKILKYGKPS,10.0,1
GIHRILKYGKPS,10.0,1
GIIPIISIIGKII,33.99999999669192,1
GIKDILKYGKPS,14.999999998076841,1
GIKKILKYGKKS,4.999999996131441,1
GILDAIKAFANALG,4.004088538101154,1
GILDAIKAIAKAAG,6.099999999848769,1
GILDPIKAFAKAAG,4.0098473142366915,1
GILGKLWEGVKSIF,8.754349105851093,1
GILGKLWKGVKSIF,4.851516113544149,1
GILKSLLKKLKKIIAK,13.499999992596432,1
GILSKLLKKLKKIIAK,16.499999999534147,1
GILSSLLKKLKKIIAK,10.50000000440382,1
GILSSLLKKLKKWIAK,5.9999999985638794,1
GILSSLLKKWKKIIAK,20.00000001547424,1
GILSSLWKKLKKIIAK,5.150000000501647,1
GILSSLWKKLKKWIAK,2.2500000017176633,1
GILSSLWKKPKKIIAK,100.0,1
GILSSWLKKLKKIIAK,16.0000000126762,1
GIMISLMKKLAAHIAK,54.000000047539345,1
GIMSSLMKKLAAHIAK,61.5946936174202,1
GIMSSLMKKLAAHIKK,87.49999998243803,1
GIMSSLMKKLAAIIAK,8.599999996425083,1
GIMSSLMKKLAKHIAK,62.99999993420215,1
GIMSSLMKKLAKIIAK,9.499999995447878,1
GIMSSLMKKLAKIIKK,24.999999997235815,1
GIMSSLMKKLKAHIAK,100.0,1
GIMSSLMKKLKKHIAK,100.0,1
GIMSSLMKKLKKIIAK,27.49999998774838,1
GIMSSLMKKLKKIIKK,59.50000003773253,1
GIRDILKYGKPS,10.0,1
GIRRILRYGRPS,4.999999996131441,1
GIRRILRYGRRS,10.0,1
GIWDTIKSMGKVFAGAILQNL,12.499999999768118,1
GIWDTIKSMGKVFAGKILQNL,25.000000018879035,1
GIWDTIKSMGKVFAGLILQNL,25.000000018879035,1
GIWDTLKNVGKAVLGKVLENV,49.9999999613144,1
GIWKSLFTKLLKG,6.707672451190746,1
GIWKTIKSMGKVFAGAIKQNL,100.0,1
GIWKTIKSMGKVFAGAILQNL,6.249999995048359,1
GIWKTIKSMGKVFAGKIKQNL,100.0,1
GIWKTIKSMGKVFAGKILQNL,9.679284719601974,1
GIWSSLLKKLKKIIAK,12.650000010173045,1
GKAMSLLKHILK,100.0,1
GKFLKKAKKFGK,371.0858060511952,1
GKFMSLLKHILK,43.29999996476878,1
GKGALKKFLAKKVAKTVAKQAAKQGAKYVVNKQME,39.99999996979354,1
GKGRWLERIGKAGGIIIGGALDHL,25.724506618997285,1
GKIIKLKASLKLL,28.774825459893233,1
GKIIKVVK,100.0,1
GKKYRRFRWKFKGKWFWFG,6.132415956463084,1
GKKYRRFRWKFRKGRFWFWG,5.728022734284582,1
GKKYRRFWKFKGKWFWFWG,133.3782929694512,1
GKLSSLWKKLKKIIAK,26.499999995931425,1
GKLTKDKLKRGAKKALNVASKVAPIVAAGASIAR,29.099999997565504,1
GKLWLKGGKLWLKGGKLWLKG,31.99999997642847,1
GKMKEYFKKFGASFKRRFANLKKRL,3.0000000019365034,1
GKSDVRRWRSRY,100.0,1
GKWKKILGHLIR,28.300000030998746,1
GKWKSLLKHILK,20.00000001547424,1
GKWLSLLKHILK,5.499999993740788,1
GKWMHLLKHILK,12.499999999768118,1
GKWMKLLKHILK,4.500000002327806,1
GKWMSALKHILK,129.9999999081526,1
GKWMSFLKHILK,6.400000000237449,1
GKWMSLLKHILK,4.450000001139069,1
GKWMSLLKHIWK,12.200000009136822,1
GKWMSLLKHWLK,13.799999987250436,1
GKWMSLLKKILK,6.299999993420215,1
GKWMSLLKQILK,10.799999987890576,1
GKWMSLWKHILK,26.999999990115796,1
GKWMSWLKHILK,10.100000005054891,1
GKWMTLLKHILK,5.300000004871852,1
GKWQSLLKHILK,25.000000018879035,1
GKWSKILGHLIR,23.299999998604072,1
GKWWSLLKHILK,4.700000000695675,1
GLAANFLPKIFCKITRKC,30.886916584893264,1
GLADFLNKAVGKVVDFVKS,100.0,1
GLADVIKKVASVIGGL,64.94106566480843,1
GLAKRIKTLL,34.16009454367698,1
GLARIVVIRVAR,47.631817794101124,1
GLFAVIKKVAAVIKKL,14.721585072865565,1
GLFAVIKKVAAVIRRL,14.25140099177737,1
GLFAVIKKVAKVIKKL,14.242732970296537,1
GLFAVIKKVASVIKGL,7.303423338717714,1
GLFAVIKKVASVIKKL,14.584180812548562,1
GLFDIAKKVIGVIGSL,30.675219213698384,1
GLFDIIKKIAESF,61.038155139650165,1
GLFDIIKKVASVIGGL,15.337609630298454,1
GLFDIIKKVASVVGGL,15.470741230054736,1
GLFDIIKNIFSGL,69.60428778844879,1
GLFDIVKKIAGHIAGSI,28.751058611140135,1
GLFDIVKKIAGHIASSI,28.263080012570487,1
GLFDIVKKIAGHIVSSI,55.64379731379621,1
GLFDIVKKVVGAFGSL,30.30358494349183,1
GLFDIVKKVVGALGSL,15.470741230054736,1
GLFDIVKKVVGTIAGL,15.337609630298454,1
GLFDIVKKVVGTLAGL,15.337609630298454,1
GLFDIWAWWRWRR,25.37717295892402,1
GLFDIWKKLRWRR,52.843037098138424,1
GLFDIWKKWRWRR,33.835462401004875,1
GLFDIWKWWRWRR,6.151546393626636,1
GLFDKWAWWRWRR,50.31848783623575,1
GLFDVIAKVASVIGGL,64.14947552366971,1
GLFDVIAKVASVIKKL,3.527127012709702,1
GLFDVIKKLLKKIGGL,3.1000000011829636,1
GLFDVIKKLLKKIKGL,3.1000000011829636,1
GLFDVIKKVAAVIGGL,15.62544728297647,1
GLFDVIKKVASKIGGL,60.7904620026057,1
GLFDVIKKVASVIGGA,63.53749184948845,1
GLFDVIKKVASVIGGL,11.603055928454253,1
GLFDVIKKVASVIKKL,56.87649313301771,1
GLFDVIKKVLKKIGGL,12.499999999768118,1
GLFEVIKKVASVIGGL,61.35043847486433,1
GLFGILGSVAKHVLPHVIPVVAEHL,14.405838120890394,1
GLFGVLAKVAAHVVPAIAE,64.00000000237446,1
GLFGVLAKVAAHVVPAIAEH,64.00000000237446,1
GLFGVLAKVAAHVVPAIAEHF,2.7952065350606703,1
GLFGVLAKVAAHVVPAIAKHF,3.9999999969793545,1
GLFGVLAKVAAKVVPAIAEHF,8.000000000148404,1
GLFGVLAKVAAKVVPAIAKHF,3.9999999969793545,1
GLFGVLAKVASHVVPAIAEHFQA,21.17084599803923,1
GLFGVLGSIAKHVLPHVVPVIAEKL,21.587079801795216,1
GLFKGKKKNKKTK,250.00000018879035,1
GLFKVIKKVAKVIKKL,27.58810193562407,1
GLFKVLGSVAKHLLPHVAPIIAEKL,4.526186021152135,1
GLFKVLGSVAKHLLPHVAPVIAEKL,11.754837169251271,1
GLFKVLGSVAKHLLPHVVPVIAEKL,3.376774536798193,1
GLFSVLGAVAKHVLPHVVPVIAEKL,3.469352109768356,1
GLFSVLGSVAKHLLPHVAPIIAEKL,11.8767402830013,1
GLFSVLGSVAKHLLPHVVPVIAEKL,4.572873946431238,1
GLFSVLGSVAKHVVPRVVPVIAEHL,100.0,1
GLGKFLHSAKRFGKAFVGEAMNS,74.99999993235582,1
GLGSLVGNALRIGAKLL,12.499999999768118,1
GLGSVFGRLARILGRVIPKV,2.833333332907847,1
GLGSVLGKALKIGANLL,6.124999994874063,1
GLKDIFKAGLGSLVKGIAAHVAN,200.0000001547424,1
GLKDMIKNLAKEAAVKLAGAVINKFSPQPQ,39.99999996979354,1
GLKEIFKAGLGSLVKGIAAHVAN,200.0000001547424,1
GLKEIFKAGLGSLVKGIAAHVAS,100.0,1
GLKKIFKAGLGSLKKGIAAHVAS,250.00000018879035,1
GLKKIFKKGLGSLVKGIAAHVAS,250.00000018879035,1
GLKKLISWIKRAAQQG,2.782179338123015,1
GLLALISWIKRKRQQ,0.662912336320753,1
GLLARIKTLL,25.514983510616897,1
GLLDFVTGVGKDIFAQLIKQI,64.00000000237446,1
GLLDTLKGAAKNVVGSLASKVMEKL,200.0000001547424,1
GLLGKLLKIAAKVGKKLL,3.0000000019365034,1
GLLGKLLKIAAKVGSNLL,3.0000000019365034,1
GLLGLLGSVVSHVLPAITQHL,23.53467465680943,1
GLLGLLGSVVSHVVPAIVGHF,6.199999992886914,1
GLLGPLLKIAAKVGKNLL,3.0000000019365034,1
GLLGPLLKIAAKVGSKLL,3.0000000019365034,1
GLLGPLLKIAKKVGSNLL,25.000000018879035,1
GLLGVLGSVAKHVLPHVVPVIAEHL,39.137893939039806,1
GLLKAIKTLL,9.351204099137163,1
GLLKFIKTLL,1.7459976707542846,1
GLLKFIKWLL,7.400000004583932,1
GLLKKIKKLL,255.99999981617657,1
GLLKKIKTLL,265.7649713622536,1
GLLKKIKWLL,28.39999999692405,1
GLLKKLLKIAAKVGKKLL,5.999999994699767,1
GLLKKWLKKWKEFKRIVGY,29.740027554096375,1
GLLKLIKTLL,1.7994338461109516,1
GLLKNIKTLL,62.027729602588714,1
GLLKPLLKIAAKVGSNLL,5.999999994699767,1
GLLKR,52.9245237939966,1
GLLKRAKTLL,36.85694410417976,1
GLLKRI,54.37135696794592,1
GLLKRIK,33.85446234500251,1
GLLKRIKALL,7.114508375865706,1
GLLKRIKFLL,6.6635642264019195,1
GLLKRIKILL,12.001277282976474,1
GLLKRIKKLL,130.1158517668987,1
GLLKRIKKLLKKIKKLL,12.499999999768118,1
GLLKRIKLLL,6.000638636845473,1
GLLKRIKNLL,10.278482646852666,1
GLLKRIKT,24.779847196705308,1
GLLKRIKTAL,27.867445534835152,1
GLLKRIKTL,41.293298441788814,1
GLLKRIKVLL,19.088673733837542,1
GLLKRIKWLL,3.2268609095508607,1
GLLKVIKTLL,2.733649336851315,1
GLLKVIKVLL,12.780005360948739,1
GLLKWIKKLL,2.500000001887903,1
GLLKWIKTLL,5.594228806081955,1
GLLPLLSLLGKLL,1.5599999987267623,1
GLLRKWGKKWKEFLRRVWK,12.723365640755766,1
GLLSKFGRLARKLARVIPKV,3.666666665298404,1
GLLSLLSLLGKLL,3.1199999998675056,1
GLLSSLSSVAKHVLPHVVPVIAEHL,38.416225058391504,1
GLLSVLGSVAKHVLAHVVAVIAEHL,39.47856861935442,1
GLLSVLGSVAKHVLGHVVPVIAEHL,9.823064597000364,1
GLLSVLGSVAKHVLPHVVPVIAEKL,38.81795444252123,1
GLLSVLGSVVKHVIPHVVPVIAEHL,9.56700647730208,1
GLNTLKKVIQGLHEVIKLVNNHA,5.999999994699767,1
GLPALISLIKRKRQQ,7.843823541426785,1
GLPALISSIKRKRQQ,22.53661922565442,1
GLPALISWIKRKR,0.8453122194790869,1
GLPALISWIKRKRGG,1.5738537855778458,1
GLPALISWIKRKRQ,1.560603174499024,1
GLPALISWIKRKRQQ,3.1212522325572785,1
GLPALISWIKRKRQQG,13.50473177983479,1
GLPALISWSKRKRQQ,53.27839140148599,1
GLPALSSWIKRKRQQ,8.257585079371685,1
GLPASISWIKRKRQQ,141.39700482035664,1
GLPLLISWIKRKRQQ,0.707971773631717,1
GLRILLLKV,3.0000000019365034,1
GLSALISWIKRKRQQ,1.737557322522385,1
GLVGTLLGHIGKAILG,11.313708503571412,1
GLVGTLLGHIGKAILS,15.2189514278254,1
GLVTGLLKTAGKLLGDLFGSLSG,12.499999999768118,1
GLVTSLIKGAGKLLGGLFGSVTG,6.249999995048359,1
GLWEKVKEKANELVSGIVEGVK,41.44598581288051,1
GLWSKIKAAGKEAAKAAAKAAGKAALNAVSEAV,4.700000000695675,1
GLWSKIKEVGKEAAKAAAKAAGK,100.0,1
GLWSTIKNVGKEAAIAAGKAALGAL,9.724999998238339,1
GLWSTIKNVGKEAAIAAGKAVLGSL,0.499999999613144,1
GLWSTIKQKGKEAAIAAAKAAGQAALGAL,5.774999998894139,1
GMASKAGAIAGKIAKVALKAL,28.74828681317691,1
GMASKAGSVAGKIAKFALGAL,80.00000000148404,1
GMASKAGSVLGKITKIALGAL,100.0,1
GMASKAGSVLGKLAKVAIGAL,100.0,1
GMASKAGSVLGKVAKVALKAAL,25.000000018879035,1
GMASTAGSVLGKLAKAVAIGAL,200.0000001547424,1
GMATAAGTTLGKLAKFVIGAV,80.00000000148404,1
GMATKAGTALGKVAKAVIGAAL,100.0,1
GMWKKILGHLIR,8.399999998803102,1
GMWKKILGKLIR,14.999999998076841,1
GMWPKILGHLIR,74.99999993235582,1
GMWSKIKETAMAAAKEAAKAAGKTISDMIKQ,39.1999999981535,1
GMWSKIKNAGKAAAKAAAKAAGKAALDAVSEAI,4.999999996131441,1
GMWSKILGHL,100.0,1
GMWSKILGHLI,15.499999993922287,1
GMWSKILGHLIK,15.800000001658141,1
GMWSKILGHLIR,4.249999998478377,1
GMWSKILGKLIR,9.199999992679832,1
GMWSKILGPLIR,100.0,1
GMWSKILPHLIR,100.0,1
GMWSKIPGHLIR,100.0,1
GRAKRFRKKAKKLFKKLSPVIPLLHL,2.699999999011579,1
GRFKRFRKKAKKLFKKLSPVIPLLHL,2.7999999977936314,1
GRFKRFRKKFKKAFKKASPVIPLLHL,2.699999999011579,1
GRFKRFRKKFKKLFKKASPVIPLLHL,2.7999999977936314,1
GRFKRFRKKFKKLFKKLSPVIPLLHLG,3.333333331835378,1
GRFRRLRKKTRK,128.00000010378406,1
GRFRRLRKKTRKRLKKIGKV,67.00000004924192,1
GRFRRLRKKTRKRLKKIGKVLKAI,128.00000010378406,1
GRFRRLRKKTRKRLKKIGKVLKKI,47.999999989401466,1
GRFRRLRKKTRKRLKKIGKVLKLI,3.9999999969793545,1
GRFRRLRKKTRKRLKKIGKVLKWI,2.9999999992633892,1
GRFRRLRKKTRKRLKKIGKVLKWIPPIVGSIPLG,2.4999999984896775,1
GRFRRLRKKTRKRLKKIGKVLKWIPPIVGSIPLGCG,2.000000001547424,1
GRIKRIRKKIKKLIKKLS,3.9999999969793545,1
GRILSFIKGLAEHL,64.35643373785868,1
GRKSDCFRKSGFCAFLKCPSLTLISGKCSRFYLCCKRIW,0.02000000001547424,1
GRLKKLGKKIEGAGKRVFKAAEKALPVVAGVKAL,49.9999999613144,1
GRPMGHQAIETGLNIFRGLFKGKKKNKKTK,148.999999858555,1
GRRGPRRANQNGTRRRRRRT,100.0,1
GRRPRPRPRP,160.000000126762,1
GRRPRPRPRPFFF,39.99999996979354,1
GRRPRPRPRPFFFF,10.0,1
GRRPRPRPRPWWW,39.99999996979354,1
GRRPRPRPRPWWWW,39.99999996979354,1
GRRRRSVQWCA,114.21690558179152,1
GRRYKKFRWKFKGRWFWFG,3.0336362414192384,1
GRWKRWRKKWKKLWKKLS,3.9999999969793545,1
GSPALISWIKRKRQQ,50.902921645395935,1
GVADILKGAAKDIAGHLASKVMNKL,100.0,1
GVAKFGKAAAHFGKGWIKEMLNS,75.9999999508625,1
GVFDIIKDAGKQLVAHAMGKIAEKV,303.1312895203424,1
GVFDIIKDAGKQLVAHATGKIAEKV,306.6275549823701,1
GVFDIIKDAGRQLVAHAMGKIAEKV,299.9474457598438,1
GVFDIIKGAGKQLIAHAMGKIAEKV,308.27197725930625,1
GVFRRLRKVTRKVLKKIGKVLKWI,3.9999999969793545,1
GVFRVLRKVTRVVLKVIGKVLKWI,2.000000001547424,1
GVGDLIRKAVSVIKNIV,28.071786099711893,1
GVIDAAKKVVNVLKNLF,13.674633958457271,1
GVIDAAKKVVNVLKNLP,14.059604498409291,1
GVIDIIKGAGKDLIAHAIGKLAEKV,316.2037091420677,1
GVIKSVLKGVAKTVALGML,12.499999999768118,1
GVLDILKGAAKDLAGHVATKVINKI,49.9999999613144,1
GVLSAFKNALPGIMKIIV,4.287513512082162,1
GVLSNVIGYLKKLGTGALNAVLKQ,50.87669495768341,1
GVLSVIKNALPGIMRF,4.300000004162563,1
GVLSVIKNALPGIMRFIA,4.211974788724391,1
GVVAILKGAAKDIAGHLASKVMNKL,100.0,1
GVVDALKGAAKDIAGHLASKVMNKL,100.0,1
GVVDIAKGAAKDIAGHLASKVMNKL,100.0,1
GVVDILAGAAKDIAGHLASKVMNKL,100.0,1
GVVDILKAAAKDIAGHLASKVMNKL,100.0,1
GVVDILKGAAADIAGHLASKVMNKL,100.0,1
GVVDILKGAAKAIAGHLASKVMNKL,58.33333332673114,1
GVVDILKGAAKDAAGHLASKVMNKL,100.0,1
GVVDILKGAAKDIAAHLASKVMNKL,100.0,1
GVVDILKGAAKDIAGALASKVMNKL,100.0,1
GVVDILKGAAKDIAGHASKVMNKL,100.0,1
GVVDILKGAAKDIAGHLAAKVMNKL,100.0,1
GVVDILKGAAKDIAGHLASAVMNKL,100.0,1
GVVDILKGAAKDIAGHLASKAMNKL,100.0,1
GVVDILKGAAKDIAGHLASKVANKL,100.0,1
GVVDILKGAAKDIAGHLASKVMAKL,100.0,1
GVVDILKGAAKDIAGHLASKVMNAL,100.0,1
GVVDILKGAAKDIAGHLASKVMNKA,100.0,1
GVVDILKGAAKDIAGHLASKVMNKL,102.47750000841302,1
GVVDILKGAAKDIAGHLLSKVMNKL,75.000000006293,1
GVVDILKGAAKDILGHLASKVMNKL,58.33333332673114,1
GVVDILKGAAKDLAGHLATKVMNKL,200.0000001547424,1
GVVDILKGALKDIAGHLASKVMNKL,58.33333332673114,1
GVVDILKGLAKDIAGHLASKVMNKL,41.66666664716928,1
GVVPVVSVVGKVV,100.0,1
GVVTDLLKTAGKLLGNLFGSLSG,6.249999995048359,1
GVVTDLLKTAGKLLGNLVGSLSG,50.499999986202,1
GVVTDLLNTAGGLLGNLVGSLSG,300.0000001936504,1
GVVVRIGRVIVRGVRR,8.000000000148404,1
GVVVRIGRVVVRGVRR,8.000000000148404,1
GVVVRVARVVVRWVRR,3.9999999969793545,1
GVVVRVGRVVVRGVRR,16.0000000126762,1
GVVVRVGRVVVRWV,8.000000000148404,1
GVVVRVGRVVVRWVRR,2.000000001547424,1
GVVVRVGRVVVRWVRRRR,2.000000001547424,1
GVVVRVPRVVVRWVRR,3.9999999969793545,1
GVVVRWGRVIVRGVRR,3.9999999969793545,1
GVVVRWGRVVVRGVRR,8.000000000148404,1
GVVVRWGRVWVRGVRR,3.9999999969793545,1
GVWDWLKKTAKNVWNSDIVKQLKGKAINAAKNYVAEKIGATPS,41.999999961519606,1
GWASKIGQTLGKIAKVGLKELIQPK,93.83704196233032,1
GWFDVVKHIAKRF,49.9999999613144,1
GWFKKAWRKVKNAGRRVLKGVGIHYGVGLI,2.3563644174497433,1
GWGSFFKKAAHVGKHVGKAALTHYL,17.699999985254298,1
GWGSIFKHGRHAAKHIGHAAVNHYL,11.572820445121506,1
GWKKWFNRAKKVGKTVGGLAVDHYL,5.5957131578781345,1
GWKKWLRKGAKHLGQAAIK,5.462719111906829,1
GWKSVFRKAKKVGKTVGGLALDHYL,23.194674218430418,1
GWLDVAKKIGKAAFNVAKNFI,1.0,1
GWLKKIGKKIERVGQHTRDATIQGLGIAQQAANVAATAR,200.0000001547424,1
GWMSKIASGIGTFLSGMQQ,100.0,1
GWRTLLKKAEVKTVGKLALKHYL,1.5076048676509612,1
HCLAIGRR,39.454626779942146,1
HFKGTLVNLAKKIL,128.00000010378406,1
HFLGKLVNLAKKIL,8.000000000148404,1
HFLGTKVNLAKKIL,128.00000010378406,1
HFLGTLKNLAKKIL,8.000000000148404,1
HFLGTLVKLAKKIL,3.9999999969793545,1
HFLGTLVNKAKKIL,128.00000010378406,1
HFLGTLVNLAKKIK,128.00000010378406,1
HFLGTLVNLAKKKL,128.00000010378406,1
HFLGTLVNLKKKIL,128.00000010378406,1
HFLKTLVNLAKKIL,8.000000000148404,1
HKLGTLVNLAKKIL,128.00000010378406,1
HKTDSFVGLM,440.7984726170974,1
HKWMSLLKHILK,38.30000000276713,1
HLRRINKLLTRIGLYRHAFG,37.17199542273346,1
HRHR,100.0,1
HRWWRWWRH,16.0000000126762,1
HRWWRWWRR,8.000000000148404,1
HSDAVFTDNYTRLRKQMAVKKYLNSILN,150.29541328798774,1
ICLKKWPWWPWRRCK,7.668069950634951,1
IDWKKLLDAAKQIL,9.063499413880855,1
IDWLKLGKMVIDAL,2.000000001547424,1
IDWLKLGKMVMDVL,21.51087040404849,1
IFGAILPLALGALKNLIK,8.000000000148404,1
IFGAIWNGIKSLF,12.737519121417357,1
IGCWTKSIPPRPCFVK,43.66241659030354,1
IGGYCSWLRL,47.999999989401466,1
IGKFLKKAKKFG,375.1685052816891,1
IIGHLIKTALGMLGL,11.999999998684073,1
IIGLVSKGTCVLVKTVCKKVLKQ,25.000000018879035,1
IIGPVLGLIGKALGGLL,159.69999994907667,1
IIGPVLGLVGKALGGLL,161.00604611222167,1
IIGPVLGLVGSALGGLLKKI,3.0000000019365034,1
IIGPVLGMVGSALGGLLKKI,2.1000000012866145,1
IIRKIIRK,481.06448397895025,1
IKFEPPLPPKKAH,42.61515348897361,1
IKIKIKIK,59.039480543195616,1
IKKIIKKI,499.99999961314404,1
IKKIIKKIIK,499.99999961314404,1
IKKIIKKIIKKI,250.00000018879035,1
IKKILSKIKKLLK,4.999999996131441,1
IKKIVSKIKKLL,3.1199999998675056,1
IKKIVSKIKKLLK,3.1199999998675056,1
IKKIVSKIKKVLK,6.249999995048359,1
IKKWWSKIKKLLK,1.5599999987267623,1
IKLSKETKDNLKKVLKGAIKGAIAVAKMV,6.249999995048359,1
IKLSKETKKNLKKVLKGAIKGAIAVAKMV,4.674999998115661,1
IKLSKKTKDNLKKVLKGAIKGAIAVAKMV,3.1000000011829636,1
IKLSPETKDNLKKVLKGAIKGAIAVAKMV,11.249999999884059,1
IKLSPETKKNLKKVLKGAIKGAIAVAKMV,3.1000000011829636,1
IKLSPKTKDNLKKVLKGAIKGAIAVAKMV,2.3500000012252915,1
IKLSPKTKKNLKKVLKGAIKGAIAVAKMV,2.3500000012252915,1
IKPAGKLFKLFK,368.4064685365328,1
IKQLLHFFQRF,42.32223243293074,1
IKQLLHFFQRFGGGFIKHFIHRF,21.74372651407792,1
IKWAGKLFKLFK,2.7047788013705745,1
IKWKAILDAVKKVI,29.537552685283252,1
ILAWKWAWWAWRR,1.8223326943265417,1
ILGAAWNGAKSLF,74.20818198421773,1
ILGAILPLVSGLLSNKL,128.00000010378406,1
ILGAVWNGVKSLF,71.24199375766165,1
ILGIITSLLKSL,19.675734470399522,1
ILGKAWEGAKSLF,70.43909832091677,1
ILGKIAEGIKSLF,64.00000000237446,1
ILGKIIKVVK,100.0,1
ILGKILEGIKSLF,3.9999999969793545,1
ILGKILKGIKKLF,2.000000001547424,1
ILGKIWEGIESLF,66.45546237086666,1
ILGKIWEGIKSLF,5.190055454029686,1
ILGKIWKGIKSLF,33.7693718642706,1
ILGKIWKPIKKLF,1.1666666670535226,1
ILGKLLKTAAGLLSNL,8.000000000148404,1
ILGKLLKTAAKLLSNL,3.9999999969793545,1
ILGKLLSTAAGLLKNL,16.0000000126762,1
ILGKLLSTAAGLLSKL,31.99999997642847,1
ILGKLLSTAAGLLSNL,49.9999999613144,1
ILGKLLSTAAKLLSKL,2.000000001547424,1
ILGKLLSTAAKLLSNL,3.9999999969793545,1
ILGKLWEGLKSLF,33.24853851113116,1
ILGKVWEGVKSLF,67.76113097102699,1
ILGLVISTIGNVLGGLLKNL,49.81420297298813,1
ILGPVIKTIGGVIGGLLKNL,4.758383216219048,1
ILGPVISTIGNALGGLLKNL,50.9329878888252,1
ILGPVISTIGNVLGGLLKNL,50.21549475556148,1
ILGPVLGLDGNALGGLIKKI,50.98421712582128,1
ILGPVLGLVGDTLGDLL,60.06079590194015,1
ILGPVLGLVGNALGGLIKKI,5.140238818032515,1
ILGPVLGLVGNALGGLIKKL,4.8318244934041905,1
ILGPVLGLVGSALGGLI,64.56163868620193,1
ILGPVLGLVSNALGGLL,62.2681019783048,1
ILGPVLGLVSNTLDDVLGIL,49.47074219437573,1
ILGPVLSMVGSALGGLIKKI,1.0170487889339694,1
ILGTILGLLKGL,9.08147421631222,1
ILGTILGLLKSL,12.091171299461978,1
ILGTILGPLKGL,255.99999981617657,1
ILGTILPLLKGL,255.99999981617657,1
ILGTIPGLLKGL,255.99999981617657,1
ILKKWPWWPWRRK,8.50933111014571,1
ILKWKWPWWKWRR,2.5388655870046795,1
ILKWKWPWWPWRR,2.5795449078450736,1
ILPILAPLIGGLL,100.0,1
ILPILGNLLNGLL,100.0,1
ILPILGNLLNSLL,100.0,1
ILPILSLIGGLL,67.8333333256474,1
ILPIRSLIKKLL,12.499999999768118,1
ILPKKKPWWPWRR,3.489292419971804,1
ILPKKWPKLPWRR,3.637650865445849,1
ILPLKLPLLPLRR,2.029821120152197,1
ILPLKLPLLPWRR,3.0958600219025936,1
ILPLKLPWLPLRR,6.191720048595794,1
ILPLKLPWWPWRR,1.777232984833568,1
ILPLKWPWWPWRR,1.7064502172305926,1
ILPWKKPKKPKRR,5.969725488265996,1
ILPWKKPKKPWRR,5.769819405301227,1
ILPWKKPKLPWRR,1.821735552566386,1
ILPWKLPWWPWRR,0.8504991501778058,1
ILPWKWKWWPWRR,2.5795449078450736,1
ILPWKWPKKPWRR,2.7914339360292253,1
ILPWKWPKLPWRR,1.7622093816115099,1
ILPWKWPLLPWRR,3.5487879106663853,1
ILPWKWPLWPWRR,0.8504991501778058,1
ILPWKWPWAPARR,11.926020759987283,1
ILPWKWPWLPKRR,3.5187887029406295,1
ILPWKWPWLPLRR,14.195151664631462,1
ILPWKWPWLPWKK,1.7602166512393802,1
ILPWKWPWLPWRR,0.8504991501778058,1
ILPWKWPWLPYRR,3.4507884201392796,1
ILPWKWPWWKWRR,2.5795449078450736,1
ILPWKWPWWPARR,44.63943694142602,1
ILPWKWPWWPLRR,1.7064502172305926,1
ILPWKWPWWPWRR,2.2500000008720935,1
ILPWKWPYLPWRR,3.4507884201392796,1
ILPYKYPYYPYRR,13.950224926029293,1
ILSAIWSGIKGLL,30.000000019365025,1
ILSAIWSGIKSLF,7.871708245939164,1
INLKAIAAFAKKLL,18.495176913029496,1
INLKAIAALAKKLF,15.550792528593064,1
INLKAIAALAKKLL,6.380711877659242,1
INLKAIAALAKKLLG,1.9519262697315847,1
INLKAIAAMAKKLL,1.0013816388685441,1
INLKILARLAKKIL,4.624999998492431,1
INLLKIAKGIIKSL,3.280959375273852,1
INPKSVQSLL,200.0000001547424,1
INWKALLDAAKKVL,2.463789868493582,1
INWKGIAAMAKKLL,2.376431809769883,1
INWKGIAAMKKLL,2.4901098889271167,1
INWKKIASIGKEVLKAL,25.800000002184373,1
INWKKIFEKVKNLV,11.799999991682423,1
INWKKIKSIIKAAMN,49.9999999613144,1
INWKKLLDAAKQIL,7.800000005559022,1
INWKKMAATALKMI,1.7911770455594849,1
INWLKAKKVAGMIL,27.066088965632265,1
INWLKLGKAIIDAL,121.21201495441227,1
INWLKLGKKILGAL,15.499999993922287,1
INWLKLGKMVIDAL,2.2391543038161705,1
IPHAVKAISDLI,200.0000001547424,1
IPPFIKKVLTTVF,49.9999999613144,1
IPWGKVKDFLVGGMKAV,8.999999990895756,1
IRCRRRFCRI,64.00000000237446,1
IRIKIRIK,28.37768683192985,1
IRIKIRIKIRIK,40.321672789365785,1
IRIR,100.0,1
IRIRCRRRFCRIRI,3.9999999969793545,1
IRIRIRIR,13.69144561058639,1
IRVKIRVK,247.20448793789996,1
IRVKIRVKIRVK,20.756586181658403,1
ISGPVLGLVGNALGGLIKKI,52.100846801648984,1
ISKRILTGKK,223.8891079668753,1
ITIPPIVKDTLKKFIKGAISGVM,20.00000001547424,1
ITIPPIVKDTLKKFIKGAISSVM,20.00000001547424,1
IWLTALKFLGKNLGKHLAKQQLAKL,4.65500000186029,1
IWRIFR,128.00000010378406,1
IWRIFRRIF,3.9999999969793545,1
IWRIFRRIFRIF,1.0,1
IWRIFRRIFRIFIRF,8.000000000148404,1
IWSAIWSGIKGLL,1.9999999996316946,1
IYYPPNHNFP,202.9518072564568,1
KAACAAHCLWR,81.33536407367804,1
KAACAAKCLWR,163.86585789177272,1
KAIAKSILKWIKSIAKAI,1.400000001037238,1
KAKKFGKAFVKI,375.1685052816891,1
KAKLFKKIPKFLHLWKKF,2.000000001547424,1
KALAKALAKLWKALAKAA,1.4999999998076836,1
KALKKLLAKWLAAAKALL,1.4999999998076836,1
KALWKTMLKKLGTMAL,22.299999980847154,1
KAYSMPRCKGGFRAVMCWL,11.339382965762935,1
KAYSTPRCKGLFRALMCWL,5.56855801964409,1
KDLHTVVSAILQAL,66.3229854149099,1
KFAKKFKWFAKAAFKFFKK,4.171954622042439,1
KFFRKLKKSVKKRAKEFFKKPRVIGVSIPF,27.483958240726004,1
KFGKAFVKILKK,181.97329837467643,1
KFLGTLVNLAKKIL,128.00000010378406,1
KFLHLAKKFPKWKLFKKI,1.5599999987267623,1
KFLKKAKKFGKA,367.35125509783285,1
KFWKLLKKALRLWAKVL,7.470593059026461,1
KFWSLLKKALRLWANVL,5.751075622300761,1
KGIVGMLGKLF,39.99999996979354,1
KIAGKIAAIAGKIAKIAGAIAKIAGK,3.2692310647414224,1
KIAGKIAAIAGKIAKIAGAIAKIAGKIA,6.08065818651778,1
KIAGKIAAIAGKIAKIAGKIAK,29.980879231759722,1
KIAGKIAAIAGKIAKIAGKIAKIA,3.4498678548633284,1
KIAGKIAKIAGKIA,185.27242032460916,1
KIAGKIAKIAGKIAK,169.5452492042247,1
KIAGKIAKIAGKIAKIA,151.10760979319264,1
KIAGKIAKIAGKIAKIAGK,136.21509856916043,1
KIAGKIAKIAGKIAKIAGKIA,3.8766902411631503,1
KIAGKIAKIAGKIAKIAGKIAK,7.2999750872706946,1
KIAGKIAKIAGKIAKIAGKIAKIA,1.6834848211476512,1
KIAGKIAKIAGKIAKIAGKIAKIAGK,3.1234780333004335,1
KIAGKIAKIAGKIAKIAGKIAKIAGKIA,2.913877191433698,1
KIAGKIAKIAKKIAK,161.91849108594892,1
KIAGKIAKKAGKIAK,167.87588686489323,1
KIAGKIAKKAGKIAKIA,149.78016235274401,1
KIAGKIASIAGKIAKIAGKIAK,59.515691919711344,1
KIAGKIASIAGKIAKIAGKIAKIA,3.426228671152032,1
KIAGKIASIAGKIAKIAGSIAKIAGK,12.90813194357356,1
KIAGKIASIAGKIAKIAGSIAKIAGKIA,3.003800297709579,1
KIAKKIAKIAKKIA,167.97998378425214,1
KIAKVALKAL,36.27759788886904,1
KIAKVALKALKIAKGALKAL,1.7500000007748238,1
KIAKVALKALKIAKVALKAL,1.1249999995656208,1
KIFGAIWPLALGALKNLIK,3.9999999969793545,1
KIGAIKKWGAIKKIGAIK,133.09524530063874,1
KIGAKIKWGAKIKIGAKI,4.159226418708691,1
KIGKAIKWGKAIKIGKAI,133.09524530063874,1
KIKGAIKWKGAIKIKGAI,8.31845284385347,1
KIKIPWGKVKDFLVGGMKAV,24.399999980969135,1
KIKLFKKWPKFLHLAKKF,2.000000001547424,1
KILGKLWKGVKSIF,5.411156689497117,1
KILGVSKKIMRRISKDILTGKK,101.86453476026283,1
KILRGVAKKIMRTFLRRISKDILTGKK,42.8893698107868,1
KILRGVSKKIMRRILTGKK,115.01313645554781,1
KILRGVSKKIMRRISKDILTGKK,79.92026055199734,1
KILRGVSKKIMRTFLRR,60.87588893257568,1
KILRGVSKRILTGKK,150.8436845286233,1
KISKKIMRTFLRR,152.6432534343477,1
KISKKIMRTFLRRILTGKK,110.44346028859276,1
KISKKIMRTFLRRISKDILTGKK,65.66663388951413,1
KIWFQNKKMKWKK,255.99999981617657,1
KIWFQNRRMKWKK,255.99999981617657,1
KIWVIRWR,13.835743784867775,1
KKAAAAFAAFAAWFAAFAAAAKKKK,31.99999997642847,1
KKAAAFAAAAAFAAWAAFAAAKKKK,31.99999997642847,1
KKAFAAAAAFAAWAAFAKKKK,31.99999997642847,1
KKAGKIAKKAGKIA,181.33156174812675,1
KKAKKFGKAFVK,371.0858060511952,1
KKCRNKKMEVSR,16.591014962905007,1
KKFGKAFVKILK,181.97329837467643,1
KKFWEDDG,249.979567308064,1
KKIGAIKKWGAIKKIGAI,133.09524530063874,1
KKIMRTFLRR,189.81158162569474,1
KKIMRTFLRRISKDILTGKK,105.2192229055883,1
KKIMRTFLRRISKKILTGKK,52.32818734684675,1
KKKAAAFAAWAAFAKKK,31.99999997642847,1
KKKKKKAAFAAFAAFAA,31.99999997642847,1
KKKKKKAAFAAWAAFAA,31.99999997642847,1
KKKKKKAAWAAWAAWAA,31.99999997642847,1
KKKLFWKIPKFLHLAKKF,2.000000001547424,1
KKKLLLLLLLLLKKK,49.9999999613144,1
KKKVVFKVKFK,2.2701068909610576,1
KKKVVFKVKFKK,2.0770264924894413,1
KKKVVFKVKFKKK,1.9142158547019839,1
KKLAGLAKKWAGLAKKLAGLA,7.488293809960742,1
KKLGEPSCNKLK,18.592572043909193,1
KKLIKVFAKGFKKAKKLFKGIG,38.73844228501058,1
KKLLFKLKFK,24.17426137324522,1
KKLLKKLLKWL,1.771950408783857,1
KKLLKWLKKLL,3.6502178425786376,1
KKLLKWLLKLL,1.1462467571076476,1
KKPKKPWKPKK,18.200000000625476,1
KKPKLPWKPKK,16.0000000126762,1
KKPKLPWLPKK,13.300000001007975,1
KKPKLPWLPLK,24.000000015937236,1
KKRLKKIFKKPMVIGVTIPF,53.96161747810433,1
KKRYKKKYKAYKPYKKKKKF,37.49999999009672,1
KKVLFKLKFK,14.66366709080772,1
KKVVFKFKFK,3.6075641624106645,1
KKVVFKVKFKK,2.2701068909610576,1
KKVVFKVKFKKK,2.0770264924894413,1
KKVVPKVKFK,83.29454592393849,1
KKVVVKVKFK,6.494399594658754,1
KKWLKKWLK,47.709475994104054,1
KKWMSLLKHILK,28.300000030998746,1
KKWRKLLKKLKKLL,1.0968490261747175,1
KKWRKLLKWLAKK,2.4910130916503426,1
KKWRWWLKALAKK,3.042194900428001,1
KKWRWWLKALAKKLL,0.254003295325819,1
KKYRYHLKPFSKK,128.00000010378406,1
KLAGKLAKWAGKLAKLAGKLA,3.7441469020834797,1
KLAGLAKKLAGLAKKLAGLAK,7.753380470472364,1
KLAGLAKKWAGLAKKLAGLAK,7.488293809960742,1
KLAGLKAKWAGLKAKLAGLKA,119.81270105429495,1
KLAKGLAKWAKGLAKLAKGLA,3.7441469020834797,1
KLALKAALKAWKAAAKLA,45.00000002327806,1
KLALKLALKAWKAALKLA,1.299999999081527,1
KLFAVIKKVAAVIGGL,30.73016654767794,1
KLFAVIKKVAAVIRRL,54.78447926903219,1
KLGFENFLVKALKTVMHVPTSPLL,255.99999981617657,1
KLKAGLAKWKAGLAKLKAGLA,119.81270105429495,1
KLKKKLKKLLKK,334.21921513619714,1
KLKKLLKKLLKK,337.6075800875965,1
KLKKLLKKLLKL,341.0653529993035,1
KLKKLLKKWLKLLKKLLK,8.000000000148404,1
KLKLLLKLK,33.941332601968234,1
KLKLLLLKLK,1.6533706731027962,1
KLKLLLLLKLK,0.37798388980366293,1
KLKLVALHKQVL,7.19543004054258,1
KLLAKAALKWLLKALKAA,1.6000000012676199,1
KLLGPLLKIAAKVGSNLL,12.499999999768118,1
KLLKKLLKWLK,3.5439008137815655,1
KLLKRIKKLL,22.35210927735111,1
KLLKRIKTLL,19.582088860620427,1
KLLKVIKKLL,7.5274532506251886,1
KLLKWLKKLLK,3.5439008137815655,1
KLLKWLLK,24.006779525922276,1
KLLKWLLKL,2.685075080392973,1
KLLKWWKKLL,16.0000000126762,1
KLLLKLKLKLLK,49.9999999613144,1
KLLLKLKLKLLKGWKRKRFG,25.000000018879035,1
KLLLKLLLKLLK,11.629807494169507,1
KLLNLLPGLLAGIF,12.499999999768118,1
KLPKLPWKPKK,18.70000001995759,1
KLPLIGRVLSGIL,66.70000003171208,1
KLPLLPWLPKK,64.00000000237446,1
KLPLLPWLPLK,64.00000000237446,1
KLSPSLGPVSKGKLLAGQR,66.00000006962247,1
KLVKRFKKFFRKLKKS,31.225414492288618,1
KLWKLWLKWLK,4.666666666225061,1
KLWLLWLKWLL,42.6666666517438,1
KMWSKILGHLIR,41.70000000251974,1
KNLRRIIRKIIHIIKKYGPTILRIIRIIG,1.424737420085199,1
KNWGAILKHIIK,100.0,1
KNWGKILKHIIK,76.70000000901041,1
KNWKAILKHIIK,65.00000005345306,1
KQFRIRVRVIRK,7.504770693215538,1
KQIKIWFQNKKMKWKK,255.99999981617657,1
KRFKKFFKKLKNSVKKRAKKFFKKPRVIGVSIPF,11.551886714882404,1
KRFKKFFKKLKNSVKKRVKKFFRKPRVIGVTFPF,7.513016246852824,1
KRFKKFFKKVKKSV,71.1796096504603,1
KRFKKFFKKVKKSVKKRLKKIFKKPMVIGVTIPF,7.706555741359493,1
KRFRIRVRVIRK,3.6876796015227407,1
KRIKTLL,70.02461085261908,1
KRIRKRIKKWKR,3.9999999969793545,1
KRIRKRIKKWLR,3.9999999969793545,1
KRIVKLIKKWLR,2.9999999992633892,1
KRIVKLILKWLR,5.9999999985638794,1
KRIVKRIKKWLR,2.9999999992633892,1
KRIVQRIKDFLR,3.9999999969793545,1
KRIVQRIKDWLR,2.000000001547424,1
KRIVQRIKKWLR,2.9999999992633892,1
KRKR,100.0,1
KRLRRVWRRWR,4.999999996131441,1
KRRKLAFRLFRLFLKLVLKK,16.0000000126762,1
KRRKLIKILKLIAKLIRKKR,2.000000001547424,1
KRRKLIKILKLIIKLIRKKR,2.000000001547424,1
KRRLFLFRLFRLFLRLFLKK,3.9999999969793545,1
KRRLIARILRLAARALVKKR,8.000000000148404,1
KRRLILRILRLAIRALVKKR,3.9999999969793545,1
KRRWPWWPWRLI,4.49405405646324,1
KRRWRIWLV,6.094724051308358,1
KRWWKWIRW,3.1666666659585427,1
KSDVRRWRSRY,100.0,1
KSLRRVWRSWR,59.99999994699768,1
KSLVRRWRSRW,30.000000019365025,1
KVFKRLEKLFSKI,6.249999995048359,1
KVVFKVKFK,5.5682010644147315,1
KVVFKVKFKKK,2.2701068909610576,1
KWAKKWKWFAKAAWKWYKK,38.92410962286735,1
KWARLWRWFRITRWLWYIK,36.162292610556875,1
KWASLWNWFNITNWLWYIK,38.91120686190249,1
KWCFRVCYRGICYRKCR,7.14048452040324,1
KWCFRVCYRGICYRRCR,1.954194894434134,1
KWFKIQLQIKKWKNKK,31.99999997642847,1
KWFKKIPKFLHLAKKF,3.125000002301909,1
KWFKKIPKFLHLLKKF,1.5599999987267623,1
KWFKRLEKLFSKI,1.5599999987267623,1
KWFRVYRGIYRRR,14.000000010372377,1
KWKKFIKKIGIGAVLKVLTTGLPALKLTKK,4.816072532559444,1
KWKKFIKSLTKSAAKTVVKTAKKPLIV,21.03333970083083,1
KWKKLLKKLLKLL,8.000000000148404,1
KWKKLLKKLLKLLKKLL,3.9999999969793545,1
KWKKLLKKLLKLLKKLLK,3.9999999969793545,1
KWKKLLKKLLKLLKKLLKKLK,8.000000000148404,1
KWKKLLKKLLKLLKKLLKKLKKLLK,8.000000000148404,1
KWKKLLKKLLKLPKKLLKKLKKLLK,2.000000001547424,1
KWKKLLKKPLKLLKKLL,2.000000001547424,1
KWKKLLKKPLLKK,12.499999999768118,1
KWKKPLLKKLLKKL,6.249999995048359,1
KWKLFKKI,64.00000000237446,1
KWKLFKKIEKVGQGIGAVLKVLTTGL,2.7840954943132363,1
KWKLFKKIGIGKFLHSAKKF,2.0625000011509544,1
KWKLFKKIGPGKFLHSAKKF,3.125000002301909,1
KWKLFKKIKFLHSAKKF,3.125000002301909,1
KWKLFKKILKFLHLAKKF,3.125000002301909,1
KWKLFKKIPFLHLAKKF,3.125000002301909,1
KWKLFKKIPHLAKKF,6.249999995048359,1
KWKLFKKIPKFLH,6.249999995048359,1
KWKLFKKIPKFLHL,6.249999995048359,1
KWKLFKKIPKFLHLA,6.249999995048359,1
KWKLFKKIPKFLHLAK,3.125000002301909,1
KWKLFKKIPKFLHLAKK,3.125000002301909,1
KWKLFKKIPKFLHLAKKF,18.47975998107639,1
KWKLFKKIPKFLHSAKKF,3.125000002301909,1
KWKLFKKIPLAKKF,6.249999995048359,1
KWKLFKKIPLHLAKKF,3.125000002301909,1
KWKLFKKIPLKKF,12.499999999768118,1
KWKLFKKISKFLHLAKKF,6.249999995048359,1
KWKLKKHIGIGKHFLSAKKF,64.00000000237446,1
KWKLWKKIEKWGQGIGAVLKWLTTWL,0.828679697636451,1
KWKSFIKKLTKKFLHSAKKF,0.15035643490052192,1
KWKW,200.00000015474237,1
KWKWKWKW,12.49999999976812,1
KWKWKWKWKW,12.49999999976812,1
KWKWWKWK,9.374999997408239,1
KWLKKLLKKLL,3.5439008137815655,1
KWLKKWL,79.89875222302128,1
KWLKKWLKWLKK,1.5824491203621125,1
KWLLKWL,50.69695642724288,1
KWRRWIRWL,3.125000002301909,1
KYKKALKKLAKLL,10.355930090676486,1
LALKSGGWLRLFGLKDKKH,16.999999985192865,1
LCAAHCLAIGRR,31.942171249701907,1
LCAAHCLAILRR,27.618620278580863,1
LCAAHCLAIRRR,25.855136034173903,1
LCAARCLAIGRR,27.444772690057377,1
LCAIAKKKGKCKGPLKLVCKC,100.0,1
LDPKVVQSLL,200.0000001547424,1
LFFFFF,24.220282759269548,1
LFGLIPSLIGGLVSAFK,14.43323513943535,1
LFGMALKLLKKVL,2.299999999906829,1
LFGVLAKVAAHVVPAIAEHF,64.00000000237446,1
LFRLIKSLIKRLVSAFK,8.855825829141581,1
LGAWLAGKVAGTVATYAWNRYV,3.0000000019365034,1
LHCIALRKK,59.18371777657927,1
LHLIALRKK,58.640643845554976,1
LHRIALRKK,56.41643015874625,1
LIAGLAANFLPKLFCKITK,6.063325370574018,1
LIGPVLGLVGSALGGLLKKI,3.3000000009278754,1
LIGSLVRGILPLF,45.78798807080636,1
LIKHILHRL,437.65978432266564,1
LIKHILHRLGGGFHFHLHF,27.41599991024441,1
LILGKLWKGVKSIF,8.58294193080832,1
LKKAKKFGKAFV,375.1685052816891,1
LKKLLKKL,499.99999961314404,1
LKKLLKKLLK,499.99999961314404,1
LKKLLKKLLKKL,62.49999995048356,1
LKKLLKKLLKW,6.3790214687657585,1
LKKLLKWLKKL,6.3790214687657585,1
LKKLLKWLLKLLK,7.635033659329214,1
LKKWLK,245.38152093635736,1
LKKWLKK,212.0374511310977,1
LKKWLKKWLKK,30.021180922263056,1
LKLKAIAALAKKKW,15.17039482881743,1
LKLKSIVSWAKKVL,19.652341994377572,1
LKLLKKLLKKLLKLL,3.0000000019365034,1
LKLLKWLLKLL,2.2450016679314992,1
LKLSPETKDTLKKVLKGAIKGAIAIASLA,4.999999996131441,1
LKLSPKTKDTLKKVLKGAIKGAIAIASMA,1.5500000006789398,1
LKRIKTLL,31.49510619211737,1
LKWGAILKHIIK,11.700000006838467,1
LKWLKKLLKKL,3.5439008137815655,1
LKWLKKWLK,36.214473678510906,1
LKWLLKWLL,1.566922819719315,1
LKWRKMFRW,11.401677009400675,1
LLAAHLLAIGRR,28.38296130233401,1
LLAGLAANFLPKIFCKITRKC,8.078750025093454,1
LLCIALRKK,14.999999998076841,1
LLGMIKVAITAISALSKL,10.855797241282525,1
LLGMIPLAISAISALSKL,6.2083872868668575,1
LLGMIPLAISAISSLSKL,17.51240740444312,1
LLGMIPVAIKAISALSKL,6.527610784749736,1
LLGMIPVAISAISALSKL,68.56099616632507,1
LLGMIPVAITAISALSKL,159.00388465464272,1
LLGSLLKLLPKLL,0.7800000005559022,1
LLIILKKKWKKQAKAKSK,3.9999999969793545,1
LLIILRRRIRKQAHAHSK,6.9999999984896775,1
LLIILRRRWRKQAKAKSK,3.9999999969793545,1
LLIILRRRWRKQARARSK,3.9999999969793545,1
LLIILRRRWRRQARARSR,3.9999999969793545,1
LLIRAAKKFIKK,62.49999995048356,1
LLKALKKLLKKLL,1.4999999998076836,1
LLKELWTKIKGAGKAVLGKIKGLL,58.500000016173495,1
LLKKLLKKLLKL,344.5946876649112,1
LLKKLLKLLLKL,43.872926444098404,1
LLKKLLKWLKK,6.3790214687657585,1
LLKLLKWLLKLLK,15.411405620204915,1
LLKRIKTLL,54.672817332720975,1
LLKWLKK,215.46734485464924,1
LLKWLKKL,24.006779525922276,1
LLKWLKKLLKK,6.3790214687657585,1
LLKWLKKWLKK,14.320111420388503,1
LLKWLLK,27.37625332870636,1
LLKWLLKWLKK,2.1444438859395274,1
LLKWLLKWLLK,2.579273809722637,1
LLPALISWIKRKRQQ,0.5945116849948774,1
LLPIVGNLLKSLL,2.7999999977936314,1
LLPIVGNLLKSLLGAKRKRAG,100.0,1
LLPIVGNLLKSLLGWKRKAFG,49.9999999613144,1
LLPIVGNLLKSLLGWKRKRFG,12.499999999768118,1
LLPWKWPWWKWRR,16.122155698381366,1
LLQWLSKLLGRLL,2.2500000008720935,1
LLQWLSKLLGRWL,5.999999994699767,1
LLRHVVKILEKYL,1.5393879192602544,1
LNWGAALKHAAK,100.0,1
LNWGAFLKHFFK,21.700000007568388,1
LNWGAGLKHGGK,100.0,1
LNWGAIKKHIIK,100.0,1
LNWGAILKHIIK,10.599999993537645,1
LNWGAILKHIKK,100.0,1
LNWGAILKHKIK,100.0,1
LNWGAILKKIIK,7.299999997975273,1
LNWGALLKHLLK,6.700000004615447,1
LNWGAVLKHVVK,100.0,1
LNWGAWLKHWWK,20.00000001547424,1
LNWGKILKHIIK,8.70000000764002,1
LNWKAILKHIIK,5.300000004871852,1
LPFFLLSLIPSAISAIKKI,2.500000001887903,1
LPKVMAHMK,100.0,1
LPLLAGLAANFLPKIFCKITRK,11.583448090534619,1
LPRRNRWSKIWKKVVTVFS,6.664258092142578,1
LQLLKQLLKLLKQFSATFIKHFIHRF,9.96286000980876,1
LQLLKQLLKLLKQFSGGFIKHFIHRF,10.14632941038203,1
LRAAHRLAIGRR,25.18610371438533,1
LRCIALRKK,58.159352796176634,1
LRFIKKILKKLI,0.624999999504836,1
LRFLKKALKKLF,0.624999999504836,1
LRFLKKILKHLF,1.4999999998076836,1
LRFLKKILKKLF,1.4999999998076836,1
LRFLRRILRRLL,0.624999999504836,1
LRIIKKILKKLI,3.0000000019365034,1
LRIIRRILRRLI,25.000000018879035,1
LRILRRLLRRLF,6.249999995048359,1
LRIVKLILKWLR,3.9999999969793545,1
LRKAKKIAKKLF,25.000000018879035,1
LRKLKKILKKLF,6.249999995048359,1
LRKLLLLLRL,25.58644530192277,1
LRLR,100.0,1
LRPAILVRTK,438.93497251142537,1
LRRIIRKIIHIIK,5.980290749351253,1
LRRLRKWLRRLLKLL,6.249999995048359,1
LRRLWLRANRL,128.00000010378406,1
LRRLWLRANRLLRRLWLRANRL,3.9999999969793545,1
LRWTPTPSYPRYPTRSRGSRWSR,31.99999997642847,1
LSPAAMASLA,200.0000001547424,1
LSPAVMASLA,200.0000001547424,1
LVKKLLKLAMGFG,89.99999990895753,1
LVKLVAGIKKFLKWK,54.19802978415665,1
LVKRFKKFFRKLKKS,33.27420079018264,1
LVKRFKKFFRKLKKSV,16.564386447110344,1
LVKRFKKFFRKLKKSVK,88.04234942945484,1
LVKRFKKFFRKLKKSVKK,28.5845329068316,1
LWGTRSGIQP,100.0,1
LYRRRFVVGR,25.000000018879035,1
MDSFQKIEKIGEGTYGVVYKAKDKVSGRLVALKKIRLENESEGVPSTA,6.035533902630716,1
MPKWKVFKKIEKVGRNIRNGIVKAGPAIAVLGEAKALG,31.303866948114006,1
MPLSWFFPRTWGKR,69.09349174935824,1
MWSKILGHLIR,45.00000002327806,1
NDAACAAHCLFRGRSGG,58.620907987107174,1
NFLDTLINLAKKFI,49.9999999613144,1
NFLGTLVNLAKKIL,18.00000001407522,1
NGKRVCVCR,96.68742117891696,1
NGVQPKYKWWKWWKKWW,18.892421919602633,1
NGVQPKYKWWKWWKKWWW,34.71892894291949,1
NGVQPKYRWWRWWRRWWWW,31.171727067441424,1
NGVQPWYKWWKWWKKWW,36.50401750293182,1
NILNTIINLAKKIL,4.799999995848857,1
NLLGSLLKTGLKVGSNLL,25.499999984208355,1
NLLKSALKTVNKLLAAS,128.00000010378406,1
NLVSDIIGSKKHMEKLISIIKKCR,46.500000011782674,1
NLWAGILKHIIK,36.69999997869723,1
NRFTARFRRTPWRLCLQFRQ,24.122898916961645,1
NRNR,100.0,1
NVWKKILGKIIKVAK,19.699999992669994,1
PFKLSLHL,12.835763068916993,1
PPIVGSIPLGCG,128.00000010378406,1
PRCRRRFCRP,128.00000010378406,1
PRPRCRRRFCRPRP,128.00000010378406,1
QHSSGKSDVRRW,100.0,1
QLKVDLWGTR,100.0,1
QLKVDLWGTRSGI,100.0,1
QLKVDLWGTRSGIQPEQHSSGKSDVRRWRSRY,100.0,1
QQRFEWEFEQQ,329.3415044115299,1
QRQR,100.0,1
RAVAVIIRLRRV,16.176908424038828,1
RAWVAWRNR,205.8660966005678,1
RERSKGSKYLYVG,40.188301615072,1
RFGRFLRKIRRFRPKVTITIQGSARF,2.4222009004872658,1
RFRLPFRRPPIRIHPPPFYPPFRRFL,9.000000000074202,1
RFRPPIRRPPIRPPFNPPFRPPVRPPFRPPFRPPFRPPIGPFP,19.371771157516466,1
RFRPPIRRPPIRPPFRPPFRPPVR,12.421173376666038,1
RFRPPIRRPPIRPPFRPPFRPPVRPPIRPPFRPPFRPPIGPFP,5.802463817492226,1
RFRPPIRRPPIRPPFYPPFRPPIRPPIFPPIRPPFRPPLGPFP,38.84850315886241,1
RFRRLFRIRVRVLKKI,2.000000001547424,1
RFRRLRCKTRCRLKKI,128.00000010378406,1
RFRRLRDKTRDRLKKI,128.00000010378406,1
RFRRLRIKTRIRLKKI,64.00000000237446,1
RFRRLRKKFRKRLKKI,128.00000010378406,1
RFRRLRKKIRKRLKKI,255.99999981617657,1
RFRRLRKKKRKRLKKI,128.00000010378406,1
RFRRLRKKTRKRLKKI,128.00000010378406,1
RFRRLRKKWRKRLKKI,128.00000010378406,1
RFRRLRKWTRWRLKKI,8.000000000148404,1
RFRRLRPKTRPRLKKI,128.00000010378406,1
RFRRLRWKTRWRLKKI,3.9999999969793545,1
RFRRLRWRTRWRLRRI,3.9999999969793545,1
RFRRLRWWTRKRLKKI,8.000000000148404,1
RGARIVVIRVAR,22.699424309946572,1
RGGLCYCRGRFCVCVGR,2.099405264929045,1
RGGRLYRRRFVVGR,2.000000001547424,1
RGKRWWRRKK,25.000000018879035,1
RGLRRLGRKIAHGVKKYGATVLRIIRIA,1.0,1
RGLRRLGRKIAHGVKKYGPTVLRIIRIA,0.4214850954515676,1
RICRIVVIRCIR,21.334239342354028,1
RIGSILGALAKGLPTLKSWIKNR,100.0,1
RIGSILGRLAKGLPTLISWIKNR,12.499999999768118,1
RIGSILGRLAKGLPTLKSWIKNR,100.0,1
RIGSILGRLAKGLPTLRSWIKNR,100.0,1
RIIRKIIHII,15.6906568277137,1
RIIRKIIHIIK,14.25703523746621,1
RILRGVSRRIMRRILTGRR,13.525509974346933,1
RIVQRIKKWLLKWKKLGY,18.102562633291075,1
RIWFQNRRMRWRR,31.99999997642847,1
RIWVIRWR,9.459042641657055,1
RIWVIWRR,4.7295213184652605,1
RKGWFKAMKSIAKFIAKEKLKEHL,3.1000000011829636,1
RKKKAKIIKKII,62.49999995048356,1
RKKKIKIIKKII,62.49999995048356,1
RKKKIKIIKRLI,62.49999995048356,1
RKKKLKIIKRLI,62.49999995048356,1
RKKKLKVVKRLV,62.49999995048356,1
RKKKVKLLKRLV,62.49999995048356,1
RKKRLKLLKRLL,6.249999995048359,1
RKKRLKLLKRLV,25.000000018879035,1
RKKRLKVVKRLV,62.49999995048356,1
RKKRLRVVRRLV,62.49999995048356,1
RKKRVKLLKRLV,62.49999995048356,1
RKKRWWRRKK,5.999999994699767,1
RKKTRKR,255.99999981617657,1
RKKTRKRLKKIGKVLKWI,5.9999999985638794,1
RKWVWWRNR,11.538949721213228,1
RKWWRWIKW,2.500000001887903,1
RLARIVKIRVAR,86.15811326728203,1
RLARIVPIRVAR,176.08561520113716,1
RLARIVVIRVRR,5.308956379263001,1
RLARRVVIRVAR,43.009055565508554,1
RLGTALPALLKTLLAGLNG,16.999999985192865,1
RLKKIGKVLKWI,96.00000005307926,1
RLKLLLLLRL,6.396611330311167,1
RLKLLLLLRW,3.021799639143521,1
RLKLLLLRL,14.065877182119769,1
RLKLLLRL,124.95765601156243,1
RLKLLRL,140.4757343216096,1
RLLLRIGRR,262.05273370491176,1
RLPWRWPRRPWRR,97.7447089144191,1
RLRRIVVIRVAR,5.308956379263001,1
RLRRIVVIRVRR,5.025140466642378,1
RLSRIVVIRVSR,2.7514507911906856,1
RLWLAIGRG,21.33333333392696,1
RLWLAIGRR,8.000000001695827,1
RLWLAIKRR,42.799999999735036,1
RLWLAWKRR,4.666666666225061,1
RLWRIVVIRVAR,1.3013109343823714,1
RLWRRWRRWLR,4.666666666225061,1
RLWRRWRRWRR,4.666666666225061,1
RLYLRIGRR,252.81602939595237,1
RLYR,499.99999961314404,1
RLYRRLYR,17.500000012640847,1
RLYRRLYRRLYRRLYR,1.0999999995992407,1
RLYRRRFVVGR,8.000000000148404,1
RPKPQQFFGLM,370.75084284224357,1
RPRPNYRPRPIYRP,4.221725685413246,1
RPRRRATTRRRITTGTRRRR,74.99999998065721,1
RQIKIWFQNRRLKWKK,64.00000000237446,1
RQIRIWFQNRRMRWRR,16.0000000126762,1
RRCPIVVIRVCR,2.7213340957652927,1
RRIIRKIIHII,13.97790485544869,1
RRIIRKIIHIIK,12.828720729174849,1
RRIIRKIIHIIKK,11.854140490040615,1
RRIPRPILLPWRPPRPIPRPQPQPIPRWL,14.813317859334086,1
RRLFRRILRWL,0.5500000001042454,1
RRLFRRILRYL,4.499999998318135,1
RRLLRRLRR,100.0,1
RRLRKKTRKRLKKIGKVLKWI,3.9999999969793545,1
RRLRRLLRRLLRRLRR,8.999999990895756,1
RRLTLRQLLGLGSRRRRRSR,3.130000003268787,1
RRPRPRPRPFFF,39.99999996979354,1
RRPRPRPRPFFFF,20.00000001547424,1
RRPRPRPRPFFFFF,10.0,1
RRPRPRPRPWWW,39.99999996979354,1
RRPRPRPRPWWWW,8.280526855186977,1
RRPWRWPRWPWRR,23.539724801380324,1
RRPWRWPWWPWRR,15.460049780905024,1
RRRIKIRWY,23.02045101272125,1
RRRR,100.0,1
RRRWWW,25.000000018879035,1
RRRYIGRYVRFWK,8.399999998803102,1
RRWCFRVCYKGFCRYKCR,0.7198842989823087,1
RRWCFRVCYKGFCYRKCR,3.8668070919439765,1
RRWCFRVCYKGRCRYKCR,0.40984310299361343,1
RRWCFRVCYRGFCYRKCR,0.8133521181388231,1
RRWCFRVCYRGRFCYRKCR,0.38238793052804104,1
RRWHRHWRR,128.00000010378406,1
RRWHRWWRR,25.599999981617657,1
RRWPLKPKKWPLI,7.275301719768687,1
RRWPLKPWKKPLI,3.637650865445849,1
RRWPLLPWKWPLI,3.5487879106663853,1
RRWPWWPWKWPLI,0.8179232999663768,1
RRWRIVVIRVRR,3.9999999969793545,1
RRWRRWRRWRR,6.666666665758721,1
RRWVIWRR,13.03497894492754,1
RRWWHWWRR,11.2999999874218,1
RRWWRHWRR,47.99999995848855,1
RRWWRRWRR,100.0,1
RRWWRWWR,1.8016749364130622,1
RRWWRWWRR,5.5999999999200485,1
RRWYRWAWRMR,2.9018805725698398,1
RSTEDIIKSISGGGFLNAMNA,29.338612360375954,1
RTKKWIVWI,27.65316907607119,1
RVCFAIPLPICH,29.224555611259685,1
RVCSWIPLPICH,250.00000018879035,1
RVCYAIPLPIC,40.07784395554303,1
RVCYAIPLPICY,21.265355286726518,1
RVKRFWPLVPVAINTVAAGINLYKAIRRK,2.4768383543399137,1
RVKRVWPLVIRTVIAGYNLYRAIKKK,0.9978215349910522,1
RWCFRVCYRGICYRKCR,4.14323662861892,1
RWFKIQLQIRRWKNKK,16.0000000126762,1
RWFKIQMQIRRWKNKK,64.00000000237446,1
RWFRIQLQIRRWRNRR,16.0000000126762,1
RWGKWFKKATHVGKHVGKAALTAYL,22.421851453072463,1
RWKIFKKIEKMGRNIRDGIVKAGPAIEVLGSAKAIGK,0.24510392673116357,1
RWKIFKKIEKVGRNVRDGIIKAGPAVAVVGQAATVVK,55.99999999588796,1
RWKIFKKIPKFLHSAKKF,5.9999999985638794,1
RWKLLLLLRL,1.5108998218817349,1
RWKRWWRRKK,5.999999994699767,1
RWR,123.8877683899111,1
RWRRLLKKLHHLLH,8.393078054262128,1
RWRRLLKKLHHLLHSATFIKHFIHRF,9.43378121459491,1
RWRW,210.00000012866144,1
RWRWR,58.20774623251114,1
RWRWRWF,26.837174435153294,1
RWRWRWFGGGFIKHFIHRF,12.355198038620513,1
RWRWRWFSATFIKHFIHRF,23.337369261571453,1
RWRWRWFSGGFIKHFIHRF,12.213605270648479,1
RWRWRWRW,7.9499999978887965,1
RWRWRWRWRW,3.6000000019290272,1
RWRYRW,9.783152514180864,1
RWWLRRIW,12.499999999768118,1
RWWRWWRRWW,51.70403132107673,1
RWWRWWRRWWW,46.7571261378638,1
RWWRYWR,2.0688936612333566,1
SCIPKHEECTNDKHNCCRKGLFKLKCQCSTFDDESGQPTERCACGRPMGHQAIETGLNIFRGLFKGKKKNKKTK,250.00000018879035,1
SGIQPEQHSS,100.0,1
SGKLCCRRKK,100.0,1
SGKLWWRRKK,49.9999999613144,1
SGKLYYRRKK,100.0,1
SGKRWWRRKK,49.9999999613144,1
SGTSEKERESGRLLGVVKRLIVCFRSPFP,23.600000001624448,1
SIGAKILGGVKTFFKGALKELAFTYLQ,12.924603835771288,1
SILGKLWKGVKSIF,4.75908103907261,1
SILPTIVSFLSKFL,24.000000015937236,1
SILPTIVSFLTKFL,25.000000018879035,1
SKWMSLLKHILK,9.199999992679832,1
SLLSLIRKLIT,3.9999999969793545,1
SLSRFLRFLKIVYRRAF,12.499999999768118,1
SLSRFLSFLKIVYPPAF,25.184228957476893,1
SPRRRTPSPRRRRSQSPRRR,100.0,1
SRSR,100.0,1
SVIGCWTFSIPPRPCFVK,490.8097833869564,1
SVIGCWTKSIPPRPCFVK,59.99999994699768,1
SWKSMAKKLKEYMEKLKQRA,55.877683007584984,1
SYVGDCGSNGGSCVSSYCPYGNRLNYFCPLGRTCCRRSY,0.6999999999770207,1
TKPTLLGLPLGAGPAAGPGKR,8.000000000148404,1
TPFKISIHL,14.2143730131923,1
TPFKLSLHL,20.102159103663308,1
TRKRLKKIGKVLKWI,31.99999997642847,1
TRTR,100.0,1
VFQFLGKIIHHVGNFVHGFSHVF,0.07498855672726386,1
VGVGGGFGR,155.30008770699885,1
VIGSILGALASGLPTLISWIKNR,5.999999994699767,1
VIPIVSGLLSSLL,3.7985789018281517,1
VIRRRRILAAVV,175.8359612707643,1
VKKFPWWWPFLKK,5.5859655503320855,1
VKRFKKFFRKFKKSV,50.672551413325316,1
VKRFKKFFRKLKKS,35.86356588132411,1
VKRFKKFFRKLKKSVK,31.43724661536912,1
VKRFKKFFRKLKKSVKK,29.602191172487228,1
VKRFKKFFRKLKKSVKKL,28.5845329068316,1
VKRWKKFWRKWKKWW,2.0599314441093264,1
VKRWKKWRWKWKKWV,0.5249621757309006,1
VKRWKKWWRKLKKSV,48.62519321149802,1
VKWRWKKWRWKWKWKV,41.408863681158834,1
VKWRWKWKWRWKWKWKV,38.44450752911223,1
VLPKVMAHMK,100.0,1
VLPLISMALGKLL,59.99999994699768,1
VNWKKILAKIIKVAK,4.300000004162563,1
VNWKKILAKIIKVVK,2.2000000009006477,1
VNWKKILG,100.0,1
VNWKKILGKI,100.0,1
VNWKKILGKIIKVAK,8.999999990895756,1
VNWKKILKKIIKVAK,15.599999987267624,1
VNWKKILKKIIKVVK,9.599999999125346,1
VNWKKILPKIIKVAK,80.00000000148404,1
VNWKKILPKIIKVVK,32.500000001580915,1
VNWKKVLAKIIKVAK,7.199999992850167,1
VNWKKVLKKIIKVAK,15.599999987267624,1
VNWKKVLPKIIKVAK,100.0,1
VQLRIRVAVIRA,45.920165539622516,1
VQLRIRVRVIRK,7.812879461708409,1
VQRWLIVWRIRK,3.0247512369435787,1
VRFRIRVAVIRA,8.242913719388358,1
VRLIVAVRIWRR,3.253277338412677,1
VRLRIRVAVIRA,17.58359612707642,1
VRLRIRVAVIRK,4.057140493332394,1
VRLRIRVAVRRA,8.192201048891294,1
VRLWIRVAVIRA,34.43991302419724,1
VRRFAWWWAFLRR,2.702440053155557,1
VRRFAWWWPFLRR,2.131949439920575,1
VRRFPFFFPFLRR,3.3610694390278115,1
VRRFPWWWAFLRR,2.664936799851283,1
VRRFPWWWPFLRR,1.3142301040033995,1
VRRFPYYYPFLRR,10.910215853855956,1
VRRVRKWVRRVLKLV,8.799999999309016,1
VRRYPWWWPYLRR,2.584976980453694,1
VRVKVRVK,508.5149296096781,1
VRVKVRVKVRVK,42.636641709133656,1
VRWRIRVAVIRA,8.027657961424625,1
VTCDILSVEAKGVKL,63.49688523359342,1
VWLSALKFIGKHLAKHQLSKL,3.1000000011829636,1
WALRLYLVY,100.0,1
WCPPMIPLCSRF,200.0000001547424,1
WFKKIPKFLHLAKKF,3.125000002301909,1
WFKKIPKFLHLLKKF,3.125000002301909,1
WFKKLLKKALRLWKKVL,5.4574594891252115,1
WFWKWWRRRRR,1.6999999985192866,1
WGEAFSAGVHRLANGGNG,71.14999993114218,1
WGRAFRRGVRRLARGGRR,26.87666668176725,1
WGRAFRRLVRRLARGLRR,21.489999995248514,1
WGRAFSAGVHRLANGGNG,70.09000000265576,1
WGRAFSRGVRRLARGGRG,47.65666661623399,1
WKKIPKFLHLAKKF,3.125000002301909,1
WKKIPKFLHLLKKF,3.125000002301909,1
WKKIWSKIKKLLK,3.130000003268787,1
WKKWWKKW,62.49999995048356,1
WKKWWKKWWK,15.599999987267624,1
WKLFKKIPKFLHLAKKF,3.125000002301909,1
WKRLVAASAKKK,7.216570804396448,1
WKSDVRRWRSRY,100.0,1
WKSYVRRW,100.0,1
WKSYVRRWR,64.00000000237446,1
WKSYVRRWRS,100.0,1
WKSYVRRWRSRY,31.99999997642847,1
WKWK,100.0,1
WKWLKKWIK,12.499999999768118,1
WLKKW,105.27184270446165,1
WLLKRWKKLL,31.99999997642847,1
WLLKW,107.39370785329508,1
WLRAFRRLVRRLARGLRR,18.773333324049705,1
WLRAFRRLVRRLARLLRR,2.490000001054708,1
WLRRIGKGVKIIGGAALDHL,29.444165489671306,1
WRCRRRFCRW,8.000000000148404,1
WRNGRWWRNGRWWRNGRW,2.000000001547424,1
WRPGRW,128.00000010378406,1
WRPGRWWRPGRW,3.9999999969793545,1
WRPGRWWRPGRWWRPGRW,2.000000001547424,1
WRPGRWWRPGRWWRPGRWWRPGRW,2.9999999992633892,1
WRRRYRRWRRRRRWRRRPRR,1.5599999987267623,1
WRWKWRWK,46.93704258023994,1
WRWR,47.7658679765014,1
WRWRCRRRFCRWRW,3.9999999969793545,1
WRWRW,11.248386409334305,1
WRWRWR,19.218007385952752,1
WWHSWWSTW,91.81302510584018,1
WWKDWWERW,338.38103074843815,1
WWRLRRIW,12.499999999768118,1
WWRWRW,4.650183876479893,1
WWSYVRRWRSR,8.000000000148404,1
WWSYWWTQW,87.50141054171927,1
WWWLRKIW,3.1000000011829636,1
WWWLRRIR,12.499999999768118,1
WWWLRRRW,3.1000000011829636,1
WWWRRRIW,12.499999999768118,1
WWWW,100.0,1
WWYNWWQDW,340.23854226735943,1
YCNGKRVCVC,87.38271375103596,1
YCNGKRVCVCR,49.97782519541037,1
YKLLKKLLKKLKKLLKKL,13.39285713096903,1
YKLLKLLLPKLKGLLFKL,0.9337902112715977,1
YKLLKLLLPKLKGLLIKL,1.8977200059770896,1
YKLLKLLLPKLKGLLPKL,5.258754383054877,1
YKLLKLLLPKLKPLLFKL,1.3749657051988606,1
YKLLKLLLPKLKPLLIKL,1.8623218940432265,1
YKLLKLLLPKLKPLLPKL,21.10878342120051,1
YKLLKWLLLKLKALLEKL,26.943644953733934,1
YLAFRCGRYSPCLDDGPNVNLYSCCSFYNCHKCLARLENCPKGLHYNAYLKVCDWPSKAGCTSVNKECHLWKT,6.687692129865168,1
YPSKPDNPGEDAPAEDMARYYSALRHYINLITRQRY,117.02287538105719,1
YRGGYTGPIPRPPPIGRPPFRPVCNACYRLSVSDARNCCIKFGSCCHLVK,20.00000001547424,1
YRLRVKWKW,9.74065213963141,1
YRQSMNNFQGLRSFGCRFGTCTVQKLAHQIYQFTDKDKDNVAPRSKISPQGY,2.0723728643479595,1
YRWARWWRR,3.482769936940943,1
YRYR,100.0,1
YSLQMGATAIKQVKKLFKKKGG,6.60000000696225,1
YSWPRMPRIPRLPRYPRYPRYPRWPRHPTIYA,16.0000000126762,1
YSWPRMPRIPRLPRYPRYPRYPRWPRWPRQPTIYA,9.656854251859908,1
YWRWRW,9.503990532274077,1
